Pkts_Per_Sec,KBits_Per_Sec,Pkt_Size_Avg,Pkt_Size_Std,Pkt_Size_Q1,Pkt_Size_Q2,Pkt_Size_Q3,Pkt_Size_Min,Pkt_Size_Max,Anomaly
12.0,9.6,100.0,10.392304845413264,97.0,97.0,97.0,97,133,0
0.40063268426308657,0.12820245896418772,40.0,0.0,40.0,40.0,40.0,40,40,0
0.4000700743538875,0.128022423793244,40.0,0.0,40.0,40.0,40.0,40,40,0
0.805322540310452,0.4638657832188203,72.0,2.309401076758503,70.0,72.0,74.0,70,74,0
12.0,9.6,100.0,10.392304845413264,97.0,97.0,97.0,97,133,0
0.40009445557937545,4.340224654125065,1356.0,0.0,1356.0,1356.0,1356.0,1356,1356,0
12.0,9.6,100.0,10.392304845413264,97.0,97.0,97.0,97,133,0
14.0,5.632,50.285714285714285,4.3576382352153775,52.0,52.0,52.0,40,52,0
0.40134490227245206,4.395529369687895,1369.0,0.0,1369.0,1369.0,1369.0,1369,1369,0
12.0,9.6,100.0,10.392304845413264,97.0,97.0,97.0,97,133,0
14.0,5.632,50.285714285714285,4.3576382352153775,52.0,52.0,52.0,40,52,0
14.0,5.632,50.285714285714285,4.3576382352153775,52.0,52.0,52.0,40,52,0
12.0,9.6,100.0,10.392304845413264,97.0,97.0,97.0,97,133,0
12.0,9.6,100.0,10.392304845413264,97.0,97.0,97.0,97,133,0
12.0,9.6,100.0,10.392304845413264,97.0,97.0,97.0,97,133,0
14.0,5.632,50.285714285714285,4.3576382352153775,52.0,52.0,52.0,40,52,0
0.4000919353654231,4.138550979419937,1293.0,0.0,1293.0,1293.0,1293.0,1293,1293,0
14.0,5.632,50.285714285714285,4.3576382352153775,52.0,52.0,52.0,40,52,0
0.40053953508498175,0.12817265122719418,40.0,0.0,40.0,40.0,40.0,40,40,0
12.0,9.6,100.0,10.392304845413264,97.0,97.0,97.0,97,133,0
14.0,5.632,50.285714285714285,4.3576382352153775,52.0,52.0,52.0,40,52,0
0.4000938613797295,4.340218208247306,1356.0,0.0,1356.0,1356.0,1356.0,1356,1356,0
14.0,5.632,50.285714285714285,4.3576382352153775,52.0,52.0,52.0,40,52,0
12.0,9.6,100.0,10.392304845413264,97.0,97.0,97.0,97,133,0
14.0,5.632,50.285714285714285,4.3576382352153775,52.0,52.0,52.0,40,52,0
0.9899947487510543,0.6177567232206579,78.0,0.0,78.0,78.0,78.0,78,78,0
12.0,9.6,100.0,10.392304845413264,97.0,97.0,97.0,97,133,0
0.8053348680309993,0.4638728839858556,72.0,2.309401076758503,70.0,72.0,74.0,70,74,0
12.0,9.6,100.0,10.392304845413264,97.0,97.0,97.0,97,133,0
12.0,9.6,100.0,10.392304845413264,97.0,97.0,97.0,97,133,0
14.0,5.632,50.285714285714285,4.3576382352153775,52.0,52.0,52.0,40,52,0
1.3188002251877762,2.131181163903446,202.0,0.0,202.0,202.0,202.0,202,202,0
12.0,9.6,100.0,10.392304845413264,97.0,97.0,97.0,97,133,0
14.0,5.632,50.285714285714285,4.3576382352153775,52.0,52.0,52.0,40,52,0
14.0,5.632,50.285714285714285,4.3576382352153775,52.0,52.0,52.0,40,52,0
14.0,5.632,50.285714285714285,4.3576382352153775,52.0,52.0,52.0,40,52,0
0.4000948858629795,4.340229321841601,1356.0,0.0,1356.0,1356.0,1356.0,1356,1356,0
14.0,5.632,50.285714285714285,4.3576382352153775,52.0,52.0,52.0,40,52,0
14.0,5.632,50.285714285714285,4.3576382352153775,52.0,52.0,52.0,40,52,0
2.0,1.184,74.0,0.0,74.0,74.0,74.0,74,74,0
2.0,1.888,118.0,0.0,118.0,118.0,118.0,118,118,0
14.0,5.632,50.285714285714285,4.3576382352153775,52.0,52.0,52.0,40,52,0
0.40314727856364907,0.1290071291403677,40.0,0.0,40.0,40.0,40.0,40,40,0
0.4000923451541481,4.38181136412823,1369.0,0.0,1369.0,1369.0,1369.0,1369,1369,0
12.0,9.6,100.0,10.392304845413264,97.0,97.0,97.0,97,133,0
12.0,9.6,100.0,10.392304845413264,97.0,97.0,97.0,97,133,0
1.3313478002768693,1.618918925136673,152.0,1.1547005383792515,151.0,152.0,153.0,151,153,0
14.0,5.632,50.285714285714285,4.3576382352153775,52.0,52.0,52.0,40,52,0
0.40134914961500023,4.353835575023523,1356.0,0.0,1356.0,1356.0,1356.0,1356,1356,0
14.0,5.632,50.285714285714285,4.3576382352153775,52.0,52.0,52.0,40,52,0
14.0,5.632,50.285714285714285,4.3576382352153775,52.0,52.0,52.0,40,52,0
1.3138808888141436,2.1232315163236564,202.0,0.0,202.0,202.0,202.0,202,202,0
12.0,9.6,100.0,10.392304845413264,97.0,97.0,97.0,97,133,0
0.4001020369021855,4.3403068963149085,1356.0,0.0,1356.0,1356.0,1356.0,1356,1356,0
12.0,9.6,100.0,10.392304845413264,97.0,97.0,97.0,97,133,0
14.0,5.632,50.285714285714285,4.3576382352153775,52.0,52.0,52.0,40,52,0
14.0,5.632,50.285714285714285,4.3576382352153775,52.0,52.0,52.0,40,52,0
12.0,9.6,100.0,10.392304845413264,97.0,97.0,97.0,97,133,0
14.0,5.632,50.285714285714285,4.3576382352153775,52.0,52.0,52.0,40,52,0
14.0,5.632,50.285714285714285,4.3576382352153775,52.0,52.0,52.0,40,52,0
0.4000922631963359,4.445825228637685,1389.0,0.0,1389.0,1389.0,1389.0,1389,1389,0
0.40009634063820915,4.128994235386318,1290.0,0.0,1290.0,1290.0,1290.0,1290,1290,0
12.0,9.6,100.0,10.392304845413264,97.0,97.0,97.0,97,133,0
12.0,9.6,100.0,10.392304845413264,97.0,97.0,97.0,97,133,0
0.9900418371087492,0.6177861063558595,78.0,0.0,78.0,78.0,78.0,78,78,0
12.0,9.6,100.0,10.392304845413264,97.0,97.0,97.0,97,133,0
14.0,5.632,50.285714285714285,4.3576382352153775,52.0,52.0,52.0,40,52,0
14.0,5.632,50.285714285714285,4.3576382352153775,52.0,52.0,52.0,40,52,0
12.0,9.6,100.0,10.392304845413264,97.0,97.0,97.0,97,133,0
0.99065941841413,0.6181714770904172,78.0,0.0,78.0,78.0,78.0,78,78,0
12.0,9.6,100.0,10.392304845413264,97.0,97.0,97.0,97,133,0
1.321715880739863,2.135892863275619,202.0,0.0,202.0,202.0,202.0,202,202,0
0.4000946809659097,4.445852094893189,1389.0,0.0,1389.0,1389.0,1389.0,1389,1389,0
0.8056256958350261,0.464040400800975,72.0,2.309401076758503,70.0,72.0,74.0,70,74,0
12.0,9.6,100.0,10.392304845413264,97.0,97.0,97.0,97,133,0
14.0,5.632,50.285714285714285,4.3576382352153775,52.0,52.0,52.0,40,52,0
14.0,5.632,50.285714285714285,4.3576382352153775,52.0,52.0,52.0,40,52,0
12.0,9.6,100.0,10.392304845413264,97.0,97.0,97.0,97,133,0
14.0,5.632,50.285714285714285,4.3576382352153775,52.0,52.0,52.0,40,52,0
14.0,5.632,50.285714285714285,4.3576382352153775,52.0,52.0,52.0,40,52,0
0.4010243843871467,0.12832780300388694,40.0,0.0,40.0,40.0,40.0,40,40,0
0.40063017780851884,0.12820165689872604,40.0,0.0,40.0,40.0,40.0,40,40,0
14.0,5.632,50.285714285714285,4.3576382352153775,52.0,52.0,52.0,40,52,0
0.40063011617478517,0.12820163717593125,40.0,0.0,40.0,40.0,40.0,40,40,0
14.0,5.632,50.285714285714285,4.3576382352153775,52.0,52.0,52.0,40,52,0
0.40063274589761044,0.12820247868723533,40.0,0.0,40.0,40.0,40.0,40,40,0
12.0,9.6,100.0,10.392304845413264,97.0,97.0,97.0,97,133,0
0.40063188301600294,0.12820220256512094,40.0,0.0,40.0,40.0,40.0,40,40,0
12.0,9.6,100.0,10.392304845413264,97.0,97.0,97.0,97,133,0
12.0,9.6,100.0,10.392304845413264,97.0,97.0,97.0,97,133,0
12.0,9.6,100.0,10.392304845413264,97.0,97.0,97.0,97,133,0
12.0,9.6,100.0,10.392304845413264,97.0,97.0,97.0,97,133,0
0.4367787071372632,1.160084246156571,332.0,0.0,332.0,332.0,332.0,332,332,0
14.0,5.632,50.285714285714285,4.3576382352153775,52.0,52.0,52.0,40,52,0
12.0,9.6,100.0,10.392304845413264,97.0,97.0,97.0,97,133,0
12.0,9.6,100.0,10.392304845413264,97.0,97.0,97.0,97,133,0
14.0,5.632,50.285714285714285,4.3576382352153775,52.0,52.0,52.0,40,52,0
0.4006321295532258,0.12820228145703225,40.0,0.0,40.0,40.0,40.0,40,40,0
12.0,9.6,100.0,10.392304845413264,97.0,97.0,97.0,97,133,0
0.4000906650257102,4.445807469765692,1389.0,0.0,1389.0,1389.0,1389.0,1389,1389,0
0.9939494928196453,0.6202244835194587,78.0,0.0,78.0,78.0,78.0,78,78,0
12.0,9.6,100.0,10.392304845413264,97.0,97.0,97.0,97,133,0
0.4000941892137987,4.340221764591289,1356.0,0.0,1356.0,1356.0,1356.0,1356,1356,0
14.0,5.632,50.285714285714285,4.3576382352153775,52.0,52.0,52.0,40,52,0
12.0,9.6,100.0,10.392304845413264,97.0,97.0,97.0,97,133,0
14.0,5.632,50.285714285714285,4.3576382352153775,52.0,52.0,52.0,40,52,0
1.3138635433516528,2.123203486056271,202.0,0.0,202.0,202.0,202.0,202,202,0
12.0,9.6,100.0,10.392304845413264,97.0,97.0,97.0,97,133,0
14.0,5.632,50.285714285714285,4.3576382352153775,52.0,52.0,52.0,40,52,0
14.0,5.632,50.285714285714285,4.3576382352153775,52.0,52.0,52.0,40,52,0
14.0,5.632,50.285714285714285,4.3576382352153775,52.0,52.0,52.0,40,52,0
14.0,5.632,50.285714285714285,4.3576382352153775,52.0,52.0,52.0,40,52,0
12.0,9.6,100.0,10.392304845413264,97.0,97.0,97.0,97,133,0
14.0,5.632,50.285714285714285,4.3576382352153775,52.0,52.0,52.0,40,52,0
12.0,9.6,100.0,10.392304845413264,97.0,97.0,97.0,97,133,0
14.0,5.632,50.285714285714285,4.3576382352153775,52.0,52.0,52.0,40,52,0
14.0,5.632,50.285714285714285,4.3576382352153775,52.0,52.0,52.0,40,52,0
14.0,5.632,50.285714285714285,4.3576382352153775,52.0,52.0,52.0,40,52,0
12.0,9.6,100.0,10.392304845413264,97.0,97.0,97.0,97,133,0
14.0,5.632,50.285714285714285,4.3576382352153775,52.0,52.0,52.0,40,52,0
14.0,5.632,50.285714285714285,4.3576382352153775,52.0,52.0,52.0,40,52,0
12.0,9.6,100.0,10.392304845413264,97.0,97.0,97.0,97,133,0
14.0,5.632,50.285714285714285,4.3576382352153775,52.0,52.0,52.0,40,52,0
14.0,5.632,50.285714285714285,4.3576382352153775,52.0,52.0,52.0,40,52,0
1.3138523850477966,2.1231854542372393,202.0,0.0,202.0,202.0,202.0,202,202,0
0.9900248580193471,0.6177755114040726,78.0,0.0,78.0,78.0,78.0,78,78,0
12.0,9.6,100.0,10.392304845413264,97.0,97.0,97.0,97,133,0
14.0,5.632,50.285714285714285,4.3576382352153775,52.0,52.0,52.0,40,52,0
12.0,9.6,100.0,10.392304845413264,97.0,97.0,97.0,97,133,0
0.4000917919395677,4.445819992032476,1389.0,0.0,1389.0,1389.0,1389.0,1389,1389,0
1.3191290084531475,2.1317124776602867,202.0,0.0,202.0,202.0,202.0,202,202,0
0.40009472194530693,4.445852550256251,1389.0,0.0,1389.0,1389.0,1389.0,1389,1389,0
12.0,9.6,100.0,10.392304845413264,97.0,97.0,97.0,97,133,0
14.0,5.632,50.285714285714285,4.3576382352153775,52.0,52.0,52.0,40,52,0
12.0,9.6,100.0,10.392304845413264,97.0,97.0,97.0,97,133,0
12.0,9.6,100.0,10.392304845413264,97.0,97.0,97.0,97,133,0
14.0,5.632,50.285714285714285,4.3576382352153775,52.0,52.0,52.0,40,52,0
14.0,5.632,50.285714285714285,4.3576382352153775,52.0,52.0,52.0,40,52,0
14.0,5.632,50.285714285714285,4.3576382352153775,52.0,52.0,52.0,40,52,0
0.40009353354619764,4.340214651909152,1356.0,0.0,1356.0,1356.0,1356.0,1356,1356,0
12.0,9.6,100.0,10.392304845413264,97.0,97.0,97.0,97,133,0
0.40189427626415747,0.1286061684045304,40.0,0.0,40.0,40.0,40.0,40,40,0
12.0,9.6,100.0,10.392304845413264,97.0,97.0,97.0,97,133,0
12.0,9.6,100.0,10.392304845413264,97.0,97.0,97.0,97,133,0
14.0,5.632,50.285714285714285,4.3576382352153775,52.0,52.0,52.0,40,52,0
0.40009203781252567,4.4458227241727855,1389.0,0.0,1389.0,1389.0,1389.0,1389,1389,0
14.0,5.632,50.285714285714285,4.3576382352153775,52.0,52.0,52.0,40,52,0
14.0,5.632,50.285714285714285,4.3576382352153775,52.0,52.0,52.0,40,52,0
14.0,5.632,50.285714285714285,4.3576382352153775,52.0,52.0,52.0,40,52,0
14.0,5.632,50.285714285714285,4.3576382352153775,52.0,52.0,52.0,40,52,0
14.0,5.632,50.285714285714285,4.3576382352153775,52.0,52.0,52.0,40,52,0
0.9900418371087492,0.6177861063558595,78.0,0.0,78.0,78.0,78.0,78,78,0
12.0,9.6,100.0,10.392304845413264,97.0,97.0,97.0,97,133,0
12.0,9.6,100.0,10.392304845413264,97.0,97.0,97.0,97,133,0
0.4000939433381964,4.3402190973327555,1356.0,0.0,1356.0,1356.0,1356.0,1356,1356,0
14.0,5.632,50.285714285714285,4.3576382352153775,52.0,52.0,52.0,40,52,0
12.0,9.6,100.0,10.392304845413264,97.0,97.0,97.0,97,133,0
0.40315279157957923,0.12900889330546536,40.0,0.0,40.0,40.0,40.0,40,40,0
14.0,5.632,50.285714285714285,4.3576382352153775,52.0,52.0,52.0,40,52,0
12.0,9.6,100.0,10.392304845413264,97.0,97.0,97.0,97,133,0
12.0,9.6,100.0,10.392304845413264,97.0,97.0,97.0,97,133,0
2.0,1.888,118.0,0.0,118.0,118.0,118.0,118,118,0
12.0,9.6,100.0,10.392304845413264,97.0,97.0,97.0,97,133,0
14.0,5.632,50.285714285714285,4.3576382352153775,52.0,52.0,52.0,40,52,0
0.40009416872415354,4.340221542319618,1356.0,0.0,1356.0,1356.0,1356.0,1356,1356,0
12.0,9.6,100.0,10.392304845413264,97.0,97.0,97.0,97,133,0
12.0,9.6,100.0,10.392304845413264,97.0,97.0,97.0,97,133,0
14.0,5.632,50.285714285714285,4.3576382352153775,52.0,52.0,52.0,40,52,0
14.0,5.632,50.285714285714285,4.3576382352153775,52.0,52.0,52.0,40,52,0
0.40009634063820915,4.44587053717178,1389.0,0.0,1389.0,1389.0,1389.0,1389,1389,0
12.0,9.6,100.0,10.392304845413264,97.0,97.0,97.0,97,133,0
0.40009513173974015,4.445857103891993,1389.0,0.0,1389.0,1389.0,1389.0,1389,1389,0
14.0,5.632,50.285714285714285,4.3576382352153775,52.0,52.0,52.0,40,52,0
12.0,9.6,100.0,10.392304845413264,97.0,97.0,97.0,97,133,0
12.0,9.6,100.0,10.392304845413264,97.0,97.0,97.0,97,133,0
0.4000948039041264,4.4458534609826525,1389.0,0.0,1389.0,1389.0,1389.0,1389,1389,0
0.4000926524962427,4.445829554538249,1389.0,0.0,1389.0,1389.0,1389.0,1389,1389,0
12.0,9.6,100.0,10.392304845413264,97.0,97.0,97.0,97,133,0
12.0,9.6,100.0,10.392304845413264,97.0,97.0,97.0,97,133,0
0.40009474243500864,4.445852777937816,1389.0,0.0,1389.0,1389.0,1389.0,1389,1389,0
12.0,9.6,100.0,10.392304845413264,97.0,97.0,97.0,97,133,0
0.4006355811062055,0.12820338595398575,40.0,0.0,40.0,40.0,40.0,40,40,0
12.0,9.6,100.0,10.392304845413264,97.0,97.0,97.0,97,133,0
12.0,9.6,100.0,10.392304845413264,97.0,97.0,97.0,97,133,0
2.0,1.888,118.0,0.0,118.0,118.0,118.0,118,118,0
12.0,9.6,100.0,10.392304845413264,97.0,97.0,97.0,97,133,0
14.0,5.632,50.285714285714285,4.3576382352153775,52.0,52.0,52.0,40,52,0
14.0,5.632,50.285714285714285,4.3576382352153775,52.0,52.0,52.0,40,52,0
14.0,5.632,50.285714285714285,4.3576382352153775,52.0,52.0,52.0,40,52,0
14.0,5.632,50.285714285714285,4.3576382352153775,52.0,52.0,52.0,40,52,0
0.4006331567949204,0.12820261017437454,40.0,0.0,40.0,40.0,40.0,40,40,0
2.0,1.888,118.0,0.0,118.0,118.0,118.0,118,118,0
0.40134201578028,4.353758187184478,1356.0,0.0,1356.0,1356.0,1356.0,1356,1356,0
0.9899989304843555,0.6177593326222378,78.0,0.0,78.0,78.0,78.0,78,78,0
14.0,5.632,50.285714285714285,4.3576382352153775,52.0,52.0,52.0,40,52,0
0.4018912991678316,0.12860521573370612,40.0,0.0,40.0,40.0,40.0,40,40,0
14.0,5.632,50.285714285714285,4.3576382352153775,52.0,52.0,52.0,40,52,0
0.9900133995541592,0.6177683613217954,78.0,0.0,78.0,78.0,78.0,78,78,0
12.0,9.6,100.0,10.392304845413264,97.0,97.0,97.0,97,133,0
14.0,5.632,50.285714285714285,4.3576382352153775,52.0,52.0,52.0,40,52,0
12.0,9.6,100.0,10.392304845413264,97.0,97.0,97.0,97,133,0
0.4006336498728049,0.12820276795929758,40.0,0.0,40.0,40.0,40.0,40,40,0
0.4006321295532258,0.12820228145703225,40.0,0.0,40.0,40.0,40.0,40,40,0
12.0,9.6,100.0,10.392304845413264,97.0,97.0,97.0,97,133,0
14.0,5.632,50.285714285714285,4.3576382352153775,52.0,52.0,52.0,40,52,0
13.0,5.312,51.07692307692308,3.328201177351375,52.0,52.0,52.0,40,52,0
0.40009082894005865,1.062641241664796,332.0,0.0,332.0,332.0,332.0,332,332,0
13.0,5.312,51.07692307692308,3.328201177351375,52.0,52.0,52.0,40,52,0
14.0,5.632,50.285714285714285,4.3576382352153775,52.0,52.0,52.0,40,52,0
1.313873044631069,2.1232188401238075,202.0,0.0,202.0,202.0,202.0,202,202,0
12.0,9.6,100.0,10.392304845413264,97.0,97.0,97.0,97,133,0
12.0,9.6,100.0,10.392304845413264,97.0,97.0,97.0,97,133,0
12.0,9.6,100.0,10.392304845413264,97.0,97.0,97.0,97,133,0
12.0,9.6,100.0,10.392304845413264,97.0,97.0,97.0,97,133,0
14.0,5.632,50.285714285714285,4.3576382352153775,52.0,52.0,52.0,40,52,0
12.0,9.6,100.0,10.392304845413264,97.0,97.0,97.0,97,133,0
12.0,9.6,100.0,10.392304845413264,97.0,97.0,97.0,97,133,0
0.40134838673617174,4.353827299313991,1356.0,0.0,1356.0,1356.0,1356.0,1356,1356,0
14.0,5.632,50.285714285714285,4.3576382352153775,52.0,52.0,52.0,40,52,0
12.0,9.6,100.0,10.392304845413264,97.0,97.0,97.0,97,133,0
14.0,5.632,50.285714285714285,4.3576382352153775,52.0,52.0,52.0,40,52,0
14.0,5.632,50.285714285714285,4.3576382352153775,52.0,52.0,52.0,40,52,0
0.4006344305819376,0.12820301778622004,40.0,0.0,40.0,40.0,40.0,40,40,0
12.0,9.6,100.0,10.392304845413264,97.0,97.0,97.0,97,133,0
12.0,9.6,100.0,10.392304845413264,97.0,97.0,97.0,97,133,0
0.4006336498728049,0.12820276795929758,40.0,0.0,40.0,40.0,40.0,40,40,0
0.4038837565423352,4.381330990971253,1356.0,0.0,1356.0,1356.0,1356.0,1356,1356,0
12.0,9.6,100.0,10.392304845413264,97.0,97.0,97.0,97,133,0
14.0,5.632,50.285714285714285,4.3576382352153775,52.0,52.0,52.0,40,52,0
14.0,5.632,50.285714285714285,4.3576382352153775,52.0,52.0,52.0,40,52,0
12.0,9.6,100.0,10.392304845413264,97.0,97.0,97.0,97,133,0
14.0,5.632,50.285714285714285,4.3576382352153775,52.0,52.0,52.0,40,52,0
14.0,5.632,50.285714285714285,4.3576382352153775,52.0,52.0,52.0,40,52,0
14.0,5.632,50.285714285714285,4.3576382352153775,52.0,52.0,52.0,40,52,0
2.6317453106088275,1.8316947361837441,87.0,24.04994802489186,70.75,73.0,106.75,70,118,0
14.0,5.632,50.285714285714285,4.3576382352153775,52.0,52.0,52.0,40,52,0
12.0,9.6,100.0,10.392304845413264,97.0,97.0,97.0,97,133,0
14.0,5.632,50.285714285714285,4.3576382352153775,52.0,52.0,52.0,40,52,0
14.0,5.632,50.285714285714285,4.3576382352153775,52.0,52.0,52.0,40,52,0
12.0,9.6,100.0,10.392304845413264,97.0,97.0,97.0,97,133,0
0.40063178029224966,0.1282021696935199,40.0,0.0,40.0,40.0,40.0,40,40,0
0.40009554153501287,4.1289859886413325,1290.0,0.0,1290.0,1290.0,1290.0,1290,1290,0
12.0,9.6,100.0,10.392304845413264,97.0,97.0,97.0,97,133,0
0.40009457851745356,4.445850956485944,1389.0,0.0,1389.0,1389.0,1389.0,1389,1389,0
0.4013420982509088,4.353759081825858,1356.0,0.0,1356.0,1356.0,1356.0,1356,1356,0
0.4006340402269909,0.1282028928726371,40.0,0.0,40.0,40.0,40.0,40,40,0
14.0,5.632,50.285714285714285,4.3576382352153775,52.0,52.0,52.0,40,52,0
14.0,5.632,50.285714285714285,4.3576382352153775,52.0,52.0,52.0,40,52,0
12.0,9.6,100.0,10.392304845413264,97.0,97.0,97.0,97,133,0
0.805327064581561,0.4638683891989791,72.0,2.309401076758503,70.0,72.0,74.0,70,74,0
12.0,9.6,100.0,10.392304845413264,97.0,97.0,97.0,97,133,0
12.0,9.6,100.0,10.392304845413264,97.0,97.0,97.0,97,133,0
12.0,9.6,100.0,10.392304845413264,97.0,97.0,97.0,97,133,0
12.0,9.6,100.0,10.392304845413264,97.0,97.0,97.0,97,133,0
14.0,5.632,50.285714285714285,4.3576382352153775,52.0,52.0,52.0,40,52,0
14.0,5.632,50.285714285714285,4.3576382352153775,52.0,52.0,52.0,40,52,0
12.0,9.6,100.0,10.392304845413264,97.0,97.0,97.0,97,133,0
0.9736142742757089,1.3786378123744039,177.0,28.879058156387302,152.5,177.5,202.0,151,202,0
14.0,5.632,50.285714285714285,4.3576382352153775,52.0,52.0,52.0,40,52,0
12.0,9.6,100.0,10.392304845413264,97.0,97.0,97.0,97,133,0
14.0,5.632,50.285714285714285,4.3576382352153775,52.0,52.0,52.0,40,52,0
12.0,9.6,100.0,10.392304845413264,97.0,97.0,97.0,97,133,0
12.0,9.6,100.0,10.392304845413264,97.0,97.0,97.0,97,133,0
0.40135069599990136,4.35385235020693,1356.0,0.0,1356.0,1356.0,1356.0,1356,1356,0
1.3137423588540433,2.1230076519081345,202.0,0.0,202.0,202.0,202.0,202,202,0
14.0,5.632,50.285714285714285,4.3576382352153775,52.0,52.0,52.0,40,52,0
0.4020046253301455,4.158335844415025,1293.0,0.0,1293.0,1293.0,1293.0,1293,1293,0
0.4116116584016802,1.0932405647148626,332.0,0.0,332.0,332.0,332.0,332,332,0
14.0,5.632,50.285714285714285,4.3576382352153775,52.0,52.0,52.0,40,52,0
0.40057097707529093,0.12818271266409312,40.0,0.0,40.0,40.0,40.0,40,40,0
12.0,9.6,100.0,10.392304845413264,97.0,97.0,97.0,97,133,0
0.40009474243500864,4.445852777937816,1389.0,0.0,1389.0,1389.0,1389.0,1389,1389,0
14.0,5.632,50.285714285714285,4.3576382352153775,52.0,52.0,52.0,40,52,0
0.40009123872651714,4.138543773387093,1293.0,0.0,1293.0,1293.0,1293.0,1293,1293,0
14.0,5.632,50.285714285714285,4.3576382352153775,52.0,52.0,52.0,40,52,0
14.0,5.632,50.285714285714285,4.3576382352153775,52.0,52.0,52.0,40,52,0
12.0,9.6,100.0,10.392304845413264,97.0,97.0,97.0,97,133,0
12.0,9.6,100.0,10.392304845413264,97.0,97.0,97.0,97,133,0
12.0,9.6,100.0,10.392304845413264,97.0,97.0,97.0,97,133,0
14.0,5.632,50.285714285714285,4.3576382352153775,52.0,52.0,52.0,40,52,0
2.0,1.888,118.0,0.0,118.0,118.0,118.0,118,118,0
12.0,9.6,100.0,10.392304845413264,97.0,97.0,97.0,97,133,0
12.0,9.6,100.0,10.392304845413264,97.0,97.0,97.0,97,133,0
12.0,9.6,100.0,10.392304845413264,97.0,97.0,97.0,97,133,0
12.0,9.6,100.0,10.392304845413264,97.0,97.0,97.0,97,133,0
14.0,5.632,50.285714285714285,4.3576382352153775,52.0,52.0,52.0,40,52,0
14.0,5.632,50.285714285714285,4.3576382352153775,52.0,52.0,52.0,40,52,0
12.0,9.6,100.0,10.392304845413264,97.0,97.0,97.0,97,133,0
12.0,9.6,100.0,10.392304845413264,97.0,97.0,97.0,97,133,0
12.0,9.6,100.0,10.392304845413264,97.0,97.0,97.0,97,133,0
12.0,9.6,100.0,10.392304845413264,97.0,97.0,97.0,97,133,0
14.0,5.632,50.285714285714285,4.3576382352153775,52.0,52.0,52.0,40,52,0
14.0,5.632,50.285714285714285,4.3576382352153775,52.0,52.0,52.0,40,52,0
14.0,5.632,50.285714285714285,4.3576382352153775,52.0,52.0,52.0,40,52,0
12.0,9.6,100.0,10.392304845413264,97.0,97.0,97.0,97,133,0
14.0,5.632,50.285714285714285,4.3576382352153775,52.0,52.0,52.0,40,52,0
14.0,5.632,50.285714285714285,4.3576382352153775,52.0,52.0,52.0,40,52,0
14.0,5.632,50.285714285714285,4.3576382352153775,52.0,52.0,52.0,40,52,0
14.0,5.632,50.285714285714285,4.3576382352153775,52.0,52.0,52.0,40,52,0
12.0,9.6,100.0,10.392304845413264,97.0,97.0,97.0,97,133,0
0.4015579574960732,0.12849854639874342,40.0,0.0,40.0,40.0,40.0,40,40,0
1.9888068465699267,1.2410154722596343,78.0,0.0,78.0,78.0,78.0,78,78,0
0.4000948243938365,4.445853688664311,1389.0,0.0,1389.0,1389.0,1389.0,1389,1389,0
12.0,9.6,100.0,10.392304845413264,97.0,97.0,97.0,97,133,0
12.0,9.6,100.0,10.392304845413264,97.0,97.0,97.0,97,133,0
0.4000929803283308,4.340208650601733,1356.0,0.0,1356.0,1356.0,1356.0,1356,1356,0
14.0,5.632,50.285714285714285,4.3576382352153775,52.0,52.0,52.0,40,52,0
12.0,9.6,100.0,10.392304845413264,97.0,97.0,97.0,97,133,0
14.0,5.632,50.285714285714285,4.3576382352153775,52.0,52.0,52.0,40,52,0
14.0,5.632,50.285714285714285,4.3576382352153775,52.0,52.0,52.0,40,52,0
12.0,9.6,100.0,10.392304845413264,97.0,97.0,97.0,97,133,0
14.0,5.632,50.285714285714285,4.3576382352153775,52.0,52.0,52.0,40,52,0
14.0,5.632,50.285714285714285,4.3576382352153775,52.0,52.0,52.0,40,52,0
14.0,5.632,50.285714285714285,4.3576382352153775,52.0,52.0,52.0,40,52,0
14.0,5.632,50.285714285714285,4.3576382352153775,52.0,52.0,52.0,40,52,0
14.0,5.632,50.285714285714285,4.3576382352153775,52.0,52.0,52.0,40,52,0
12.0,9.6,100.0,10.392304845413264,97.0,97.0,97.0,97,133,0
0.40133669649632164,4.459653371467126,1389.0,0.0,1389.0,1389.0,1389.0,1389,1389,0
14.0,5.632,50.285714285714285,4.3576382352153775,52.0,52.0,52.0,40,52,0
14.0,5.632,50.285714285714285,4.3576382352153775,52.0,52.0,52.0,40,52,0
0.401348510446055,4.353828641318805,1356.0,0.0,1356.0,1356.0,1356.0,1356,1356,0
0.4015935850301744,0.1285099472096558,40.0,0.0,40.0,40.0,40.0,40,40,0
14.0,5.632,50.285714285714285,4.3576382352153775,52.0,52.0,52.0,40,52,0
0.4000940252966969,4.340219986418568,1356.0,0.0,1356.0,1356.0,1356.0,1356,1356,0
0.40063204737411784,0.12820225515971773,40.0,0.0,40.0,40.0,40.0,40,40,0
14.0,5.632,50.285714285714285,4.3576382352153775,52.0,52.0,52.0,40,52,0
12.0,9.6,100.0,10.392304845413264,97.0,97.0,97.0,97,133,0
14.0,5.632,50.285714285714285,4.3576382352153775,52.0,52.0,52.0,40,52,0
14.0,5.632,50.285714285714285,4.3576382352153775,52.0,52.0,52.0,40,52,0
12.0,9.6,100.0,10.392304845413264,97.0,97.0,97.0,97,133,0
14.0,5.632,50.285714285714285,4.3576382352153775,52.0,52.0,52.0,40,52,0
14.0,5.632,50.285714285714285,4.3576382352153775,52.0,52.0,52.0,40,52,0
12.0,9.6,100.0,10.392304845413264,97.0,97.0,97.0,97,133,0
0.40134797437044495,4.353822825970587,1356.0,0.0,1356.0,1356.0,1356.0,1356,1356,0
12.0,9.6,100.0,10.392304845413264,97.0,97.0,97.0,97,133,0
0.4000942711723999,4.445847541267708,1389.0,0.0,1389.0,1389.0,1389.0,1389,1389,0
14.0,5.632,50.285714285714285,4.3576382352153775,52.0,52.0,52.0,40,52,0
0.4001473464174302,0.12804715085357768,40.0,0.0,40.0,40.0,40.0,40,40,0
14.0,5.632,50.285714285714285,4.3576382352153775,52.0,52.0,52.0,40,52,0
12.0,9.6,100.0,10.392304845413264,97.0,97.0,97.0,97,133,0
12.0,9.6,100.0,10.392304845413264,97.0,97.0,97.0,97,133,0
12.0,9.6,100.0,10.392304845413264,97.0,97.0,97.0,97,133,0
12.0,9.6,100.0,10.392304845413264,97.0,97.0,97.0,97,133,0
12.0,9.6,100.0,10.392304845413264,97.0,97.0,97.0,97,133,0
0.48088434708370187,1.277228825854312,332.0,0.0,332.0,332.0,332.0,332,332,0
12.0,9.6,100.0,10.392304845413264,97.0,97.0,97.0,97,133,0
12.0,9.6,100.0,10.392304845413264,97.0,97.0,97.0,97,133,0
12.0,9.6,100.0,10.392304845413264,97.0,97.0,97.0,97,133,0
12.0,9.6,100.0,10.392304845413264,97.0,97.0,97.0,97,133,0
12.0,9.6,100.0,10.392304845413264,97.0,97.0,97.0,97,133,0
12.0,9.6,100.0,10.392304845413264,97.0,97.0,97.0,97,133,0
12.0,9.6,100.0,10.392304845413264,97.0,97.0,97.0,97,133,0
0.40090597309103715,0.12828991138913187,40.0,0.0,40.0,40.0,40.0,40,40,0
14.0,5.632,50.285714285714285,4.3576382352153775,52.0,52.0,52.0,40,52,0
0.4006346154871779,0.12820307695589692,40.0,0.0,40.0,40.0,40.0,40,40,0
14.0,5.632,50.285714285714285,4.3576382352153775,52.0,52.0,52.0,40,52,0
12.0,9.6,100.0,10.392304845413264,97.0,97.0,97.0,97,133,0
1.3138562517652972,2.1231917028527203,202.0,0.0,202.0,202.0,202.0,202,202,0
0.4000939638278184,4.445844126054718,1389.0,0.0,1389.0,1389.0,1389.0,1389,1389,0
0.40063266371824957,0.12820245238983985,40.0,0.0,40.0,40.0,40.0,40,40,0
12.0,9.6,100.0,10.392304845413264,97.0,97.0,97.0,97,133,0
0.40083066993645305,0.12826581437966497,40.0,0.0,40.0,40.0,40.0,40,40,0
0.4013484485911038,4.353827970316295,1356.0,0.0,1356.0,1356.0,1356.0,1356,1356,0
2.0,1.888,118.0,0.0,118.0,118.0,118.0,118,118,0
14.0,5.632,50.285714285714285,4.3576382352153775,52.0,52.0,52.0,40,52,0
0.40063321842958954,0.12820262989746867,40.0,0.0,40.0,40.0,40.0,40,40,0
14.0,5.632,50.285714285714285,4.3576382352153775,52.0,52.0,52.0,40,52,0
14.0,5.632,50.285714285714285,4.3576382352153775,52.0,52.0,52.0,40,52,0
14.0,5.632,50.285714285714285,4.3576382352153775,52.0,52.0,52.0,40,52,0
14.0,5.632,50.285714285714285,4.3576382352153775,52.0,52.0,52.0,40,52,0
0.4013487166293633,4.353830877995333,1356.0,0.0,1356.0,1356.0,1356.0,1356,1356,0
12.0,9.6,100.0,10.392304845413264,97.0,97.0,97.0,97,133,0
14.0,5.632,50.285714285714285,4.3576382352153775,52.0,52.0,52.0,40,52,0
12.0,9.6,100.0,10.392304845413264,97.0,97.0,97.0,97,133,0
14.0,5.632,50.285714285714285,4.3576382352153775,52.0,52.0,52.0,40,52,0
14.0,5.632,50.285714285714285,4.3576382352153775,52.0,52.0,52.0,40,52,0
14.0,5.632,50.285714285714285,4.3576382352153775,52.0,52.0,52.0,40,52,0
0.8072548262472462,0.4649787799184138,72.0,2.309401076758503,70.0,72.0,74.0,70,74,0
12.0,9.6,100.0,10.392304845413264,97.0,97.0,97.0,97,133,0
0.40063011617478517,0.12820163717593125,40.0,0.0,40.0,40.0,40.0,40,40,0
12.0,9.6,100.0,10.392304845413264,97.0,97.0,97.0,97,133,0
12.0,9.6,100.0,10.392304845413264,97.0,97.0,97.0,97,133,0
0.40167328478566483,0.12853545113141276,40.0,0.0,40.0,40.0,40.0,40,40,0
1.3139313810793714,2.123313111824264,202.0,0.0,202.0,202.0,202.0,202,202,0
0.40009314424457626,4.445835018845732,1389.0,0.0,1389.0,1389.0,1389.0,1389,1389,0
12.0,9.6,100.0,10.392304845413264,97.0,97.0,97.0,97,133,0
1.3138829879776133,2.123234908571823,202.0,0.0,202.0,202.0,202.0,202,202,0
12.0,9.6,100.0,10.392304845413264,97.0,97.0,97.0,97,133,0
12.0,9.6,100.0,10.392304845413264,97.0,97.0,97.0,97,133,0
12.0,9.6,100.0,10.392304845413264,97.0,97.0,97.0,97,133,0
1.3137605848113807,2.1230371050551913,202.0,0.0,202.0,202.0,202.0,202,202,0
12.0,9.6,100.0,10.392304845413264,97.0,97.0,97.0,97,133,0
12.0,9.6,100.0,10.392304845413264,97.0,97.0,97.0,97,133,0
0.9900961239178329,0.6178199813247277,78.0,0.0,78.0,78.0,78.0,78,78,0
12.0,9.6,100.0,10.392304845413264,97.0,97.0,97.0,97,133,0
14.0,5.632,50.285714285714285,4.3576382352153775,52.0,52.0,52.0,40,52,0
12.0,9.6,100.0,10.392304845413264,97.0,97.0,97.0,97,133,0
0.40220312068436054,0.12870499861899537,40.0,0.0,40.0,40.0,40.0,40,40,0
14.0,5.632,50.285714285714285,4.3576382352153775,52.0,52.0,52.0,40,52,0
12.0,9.6,100.0,10.392304845413264,97.0,97.0,97.0,97,133,0
0.40063042434364304,0.12820173578996577,40.0,0.0,40.0,40.0,40.0,40,40,0
0.40009787738409686,4.340261773862683,1356.0,0.0,1356.0,1356.0,1356.0,1356,1356,0
12.0,9.6,100.0,10.392304845413264,97.0,97.0,97.0,97,133,0
14.0,5.632,50.285714285714285,4.3576382352153775,52.0,52.0,52.0,40,52,0
0.400099475612343,4.340279111442697,1356.0,0.0,1356.0,1356.0,1356.0,1356,1356,0
0.4003821323944942,4.343345372215474,1356.0,0.0,1356.0,1356.0,1356.0,1356,1356,0
0.4000918534077788,4.340196425767585,1356.0,0.0,1356.0,1356.0,1356.0,1356,1356,0
14.0,5.632,50.285714285714285,4.3576382352153775,52.0,52.0,52.0,40,52,0
14.0,5.632,50.285714285714285,4.3576382352153775,52.0,52.0,52.0,40,52,0
2.0084005342366846,1.2532419333636913,78.0,0.0,78.0,78.0,78.0,78,78,0
14.0,5.632,50.285714285714285,4.3576382352153775,52.0,52.0,52.0,40,52,0
0.4000922631963359,4.445825228637685,1389.0,0.0,1389.0,1389.0,1389.0,1389,1389,0
12.0,9.6,100.0,10.392304845413264,97.0,97.0,97.0,97,133,0
12.0,9.6,100.0,10.392304845413264,97.0,97.0,97.0,97,133,0
0.40047239595675893,0.12815116670616286,40.0,0.0,40.0,40.0,40.0,40,40,0
12.0,9.6,100.0,10.392304845413264,97.0,97.0,97.0,97,133,0
0.6542446302950479,0.8827940878114512,168.66666666666666,28.88482877451991,152.0,153.0,177.5,151,202,0
14.0,5.632,50.285714285714285,4.3576382352153775,52.0,52.0,52.0,40,52,0
14.0,5.632,50.285714285714285,4.3576382352153775,52.0,52.0,52.0,40,52,0
12.0,9.6,100.0,10.392304845413264,97.0,97.0,97.0,97,133,0
14.0,5.632,50.285714285714285,4.3576382352153775,52.0,52.0,52.0,40,52,0
14.0,5.632,50.285714285714285,4.3576382352153775,52.0,52.0,52.0,40,52,0
12.0,9.6,100.0,10.392304845413264,97.0,97.0,97.0,97,133,0
0.4006325199044492,0.12820240636942373,40.0,0.0,40.0,40.0,40.0,40,40,0
12.0,9.6,100.0,10.392304845413264,97.0,97.0,97.0,97,133,0
14.0,5.632,50.285714285714285,4.3576382352153775,52.0,52.0,52.0,40,52,0
12.0,9.6,100.0,10.392304845413264,97.0,97.0,97.0,97,133,0
0.40009425068274646,4.445847313586678,1389.0,0.0,1389.0,1389.0,1389.0,1389,1389,0
0.4006331362500349,0.12820260360001118,40.0,0.0,40.0,40.0,40.0,40,40,0
0.9899964214401354,0.6177577669786446,78.0,0.0,78.0,78.0,78.0,78,78,0
14.0,5.632,50.285714285714285,4.3576382352153775,52.0,52.0,52.0,40,52,0
0.4000966070066505,4.4458734970579,1389.0,0.0,1389.0,1389.0,1389.0,1389,1389,0
0.40063340333371095,0.1282026890667875,40.0,0.0,40.0,40.0,40.0,40,40,0
0.4000948243938365,4.445853688664311,1389.0,0.0,1389.0,1389.0,1389.0,1389,1389,0
14.0,5.632,50.285714285714285,4.3576382352153775,52.0,52.0,52.0,40,52,0
12.0,9.6,100.0,10.392304845413264,97.0,97.0,97.0,97,133,0
0.4006302805314504,0.12820168977006413,40.0,0.0,40.0,40.0,40.0,40,40,0
0.4006318008369961,0.12820217626783875,40.0,0.0,40.0,40.0,40.0,40,40,0
12.0,9.6,100.0,10.392304845413264,97.0,97.0,97.0,97,133,0
12.0,9.6,100.0,10.392304845413264,97.0,97.0,97.0,97,133,0
12.0,9.6,100.0,10.392304845413264,97.0,97.0,97.0,97,133,0
14.0,5.632,50.285714285714285,4.3576382352153775,52.0,52.0,52.0,40,52,0
12.0,9.6,100.0,10.392304845413264,97.0,97.0,97.0,97,133,0
0.40009082894005865,4.445809291181932,1389.0,0.0,1389.0,1389.0,1389.0,1389,1389,0
0.4000945580277686,4.3402257654852345,1356.0,0.0,1356.0,1356.0,1356.0,1356,1356,0
2.0,1.888,118.0,0.0,118.0,118.0,118.0,118,118,0
14.0,5.632,50.285714285714285,4.3576382352153775,52.0,52.0,52.0,40,52,0
14.0,5.632,50.285714285714285,4.3576382352153775,52.0,52.0,52.0,40,52,0
0.40134681975091785,4.459765861072199,1389.0,0.0,1389.0,1389.0,1389.0,1389,1389,0
1.3139456345217961,2.123336145387223,202.0,0.0,202.0,202.0,202.0,202,202,0
0.4000972217044075,4.445880327579376,1389.0,0.0,1389.0,1389.0,1389.0,1389,1389,0
14.0,5.632,50.285714285714285,4.3576382352153775,52.0,52.0,52.0,40,52,0
12.0,9.6,100.0,10.392304845413264,97.0,97.0,97.0,97,133,0
14.0,5.632,50.285714285714285,4.3576382352153775,52.0,52.0,52.0,40,52,0
0.4000936769733017,4.445840938527328,1389.0,0.0,1389.0,1389.0,1389.0,1389,1389,0
0.9900784737782442,0.6178089676376244,78.0,0.0,78.0,78.0,78.0,78,78,0
14.0,5.632,50.285714285714285,4.3576382352153775,52.0,52.0,52.0,40,52,0
12.0,9.6,100.0,10.392304845413264,97.0,97.0,97.0,97,133,0
0.4008875817829909,0.1282840261705571,40.0,0.0,40.0,40.0,40.0,40,40,0
14.0,5.632,50.285714285714285,4.3576382352153775,52.0,52.0,52.0,40,52,0
14.0,5.632,50.285714285714285,4.3576382352153775,52.0,52.0,52.0,40,52,0
0.40134780942439147,4.395561208815936,1369.0,0.0,1369.0,1369.0,1369.0,1369,1369,0
0.40063141048717393,0.12820205135589566,40.0,0.0,40.0,40.0,40.0,40,40,0
1.3138878492240325,2.1232427643460365,202.0,0.0,202.0,202.0,202.0,202,202,0
14.0,5.632,50.285714285714285,4.3576382352153775,52.0,52.0,52.0,40,52,0
14.0,5.632,50.285714285714285,4.3576382352153775,52.0,52.0,52.0,40,52,0
12.0,9.6,100.0,10.392304845413264,97.0,97.0,97.0,97,133,0
14.0,5.632,50.285714285714285,4.3576382352153775,52.0,52.0,52.0,40,52,0
0.4007318787505619,0.1282342012001798,40.0,0.0,40.0,40.0,40.0,40,40,0
14.0,5.632,50.285714285714285,4.3576382352153775,52.0,52.0,52.0,40,52,0
12.0,9.6,100.0,10.392304845413264,97.0,97.0,97.0,97,133,0
12.0,9.6,100.0,10.392304845413264,97.0,97.0,97.0,97,133,0
13.0,10.016,96.3076923076923,16.62019161233616,97.0,97.0,97.0,52,133,0
12.0,9.6,100.0,10.392304845413264,97.0,97.0,97.0,97,133,0
0.9900696071209482,0.6178034348434717,78.0,0.0,78.0,78.0,78.0,78,78,0
12.0,9.6,100.0,10.392304845413264,97.0,97.0,97.0,97,133,0
12.0,9.6,100.0,10.392304845413264,97.0,97.0,97.0,97,133,0
14.0,5.632,50.285714285714285,4.3576382352153775,52.0,52.0,52.0,40,52,0
14.0,5.632,50.285714285714285,4.3576382352153775,52.0,52.0,52.0,40,52,0
12.0,9.6,100.0,10.392304845413264,97.0,97.0,97.0,97,133,0
1.3137453412488207,2.1230124714580945,202.0,0.0,202.0,202.0,202.0,202,202,0
0.4000939228485766,4.38182864303761,1369.0,0.0,1369.0,1369.0,1369.0,1369,1369,0
0.9900507032686563,0.6177916388396416,78.0,0.0,78.0,78.0,78.0,78,78,0
0.4000936155045302,4.445840255486339,1389.0,0.0,1389.0,1389.0,1389.0,1389,1389,0
0.4010639527210155,0.12834046487072498,40.0,0.0,40.0,40.0,40.0,40,40,0
12.0,9.6,100.0,10.392304845413264,97.0,97.0,97.0,97,133,0
0.4000943326413729,4.1385757768423606,1293.0,0.0,1293.0,1293.0,1293.0,1293,1293,0
12.0,9.6,100.0,10.392304845413264,97.0,97.0,97.0,97,133,0
0.990035982184548,0.617782452883158,78.0,0.0,78.0,78.0,78.0,78,78,0
0.40009658651675784,4.4458732693742125,1389.0,0.0,1389.0,1389.0,1389.0,1389,1389,0
0.40009490635269795,4.3402295441140675,1356.0,0.0,1356.0,1356.0,1356.0,1356,1356,0
1.3137454517081466,2.1230126499603648,202.0,0.0,202.0,202.0,202.0,202,202,0
12.0,9.6,100.0,10.392304845413264,97.0,97.0,97.0,97,133,0
14.0,5.632,50.285714285714285,4.3576382352153775,52.0,52.0,52.0,40,52,0
0.40016685869553753,0.128053394782572,40.0,0.0,40.0,40.0,40.0,40,40,0
14.0,5.632,50.285714285714285,4.3576382352153775,52.0,52.0,52.0,40,52,0
0.4000940252966969,4.445844809096896,1389.0,0.0,1389.0,1389.0,1389.0,1389,1389,0
0.9900172468924546,0.6177707620608918,78.0,0.0,78.0,78.0,78.0,78,78,0
12.0,9.6,100.0,10.392304845413264,97.0,97.0,97.0,97,133,0
12.0,9.6,100.0,10.392304845413264,97.0,97.0,97.0,97,133,0
12.0,9.6,100.0,10.392304845413264,97.0,97.0,97.0,97,133,0
12.0,9.6,100.0,10.392304845413264,97.0,97.0,97.0,97,133,0
12.0,9.6,100.0,10.392304845413264,97.0,97.0,97.0,97,133,0
0.4006353962000739,0.12820332678402363,40.0,0.0,40.0,40.0,40.0,40,40,0
14.0,5.632,50.285714285714285,4.3576382352153775,52.0,52.0,52.0,40,52,0
12.0,9.6,100.0,10.392304845413264,97.0,97.0,97.0,97,133,0
12.0,9.6,100.0,10.392304845413264,97.0,97.0,97.0,97,133,0
12.0,9.6,100.0,10.392304845413264,97.0,97.0,97.0,97,133,0
12.0,9.6,100.0,10.392304845413264,97.0,97.0,97.0,97,133,0
14.0,5.632,50.285714285714285,4.3576382352153775,52.0,52.0,52.0,40,52,0
14.0,5.632,50.285714285714285,4.3576382352153775,52.0,52.0,52.0,40,52,0
2.0,1.888,118.0,0.0,118.0,118.0,118.0,118,118,0
0.47859165347183097,1.271139431621183,332.0,0.0,332.0,332.0,332.0,332,332,0
0.4684973112901825,1.2443288587867247,332.0,0.0,332.0,332.0,332.0,332,332,0
0.40008939469406435,4.445793353840443,1389.0,0.0,1389.0,1389.0,1389.0,1389,1389,0
12.0,9.6,100.0,10.392304845413264,97.0,97.0,97.0,97,133,0
12.0,9.6,100.0,10.392304845413264,97.0,97.0,97.0,97,133,0
14.0,5.632,50.285714285714285,4.3576382352153775,52.0,52.0,52.0,40,52,0
12.0,9.6,100.0,10.392304845413264,97.0,97.0,97.0,97,133,0
0.9849334493863345,0.6145984724170728,78.0,0.0,78.0,78.0,78.0,78,78,0
14.0,5.632,50.285714285714285,4.3576382352153775,52.0,52.0,52.0,40,52,0
12.0,9.6,100.0,10.392304845413264,97.0,97.0,97.0,97,133,0
12.0,9.6,100.0,10.392304845413264,97.0,97.0,97.0,97,133,0
14.0,5.632,50.285714285714285,4.3576382352153775,52.0,52.0,52.0,40,52,0
14.0,5.632,50.285714285714285,4.3576382352153775,52.0,52.0,52.0,40,52,0
14.0,5.632,50.285714285714285,4.3576382352153775,52.0,52.0,52.0,40,52,0
0.43773600974701515,1.1626268418880723,332.0,0.0,332.0,332.0,332.0,332,332,0
14.0,5.632,50.285714285714285,4.3576382352153775,52.0,52.0,52.0,40,52,0
12.0,9.6,100.0,10.392304845413264,97.0,97.0,97.0,97,133,0
12.0,9.6,100.0,10.392304845413264,97.0,97.0,97.0,97,133,0
14.0,5.632,50.285714285714285,4.3576382352153775,52.0,52.0,52.0,40,52,0
1.3180328488371111,2.1299410837207717,202.0,0.0,202.0,202.0,202.0,202,202,0
14.0,5.632,50.285714285714285,4.3576382352153775,52.0,52.0,52.0,40,52,0
0.4000908699186667,4.4458097465362245,1389.0,0.0,1389.0,1389.0,1389.0,1389,1389,0
14.0,5.632,50.285714285714285,4.3576382352153775,52.0,52.0,52.0,40,52,0
12.0,9.6,100.0,10.392304845413264,97.0,97.0,97.0,97,133,0
12.0,9.6,100.0,10.392304845413264,97.0,97.0,97.0,97,133,0
0.40009515222948383,4.128981971008273,1290.0,0.0,1290.0,1290.0,1290.0,1290,1290,0
14.0,5.632,50.285714285714285,4.3576382352153775,52.0,52.0,52.0,40,52,0
12.0,9.6,100.0,10.392304845413264,97.0,97.0,97.0,97,133,0
14.0,5.632,50.285714285714285,4.3576382352153775,52.0,52.0,52.0,40,52,0
12.0,9.6,100.0,10.392304845413264,97.0,97.0,97.0,97,133,0
12.0,9.6,100.0,10.392304845413264,97.0,97.0,97.0,97,133,0
12.0,9.6,100.0,10.392304845413264,97.0,97.0,97.0,97,133,0
12.0,9.6,100.0,10.392304845413264,97.0,97.0,97.0,97,133,0
12.0,9.6,100.0,10.392304845413264,97.0,97.0,97.0,97,133,0
0.40134661356955853,4.353808064002571,1356.0,0.0,1356.0,1356.0,1356.0,1356,1356,0
14.0,5.632,50.285714285714285,4.3576382352153775,52.0,52.0,52.0,40,52,0
12.0,9.6,100.0,10.392304845413264,97.0,97.0,97.0,97,133,0
12.0,9.6,100.0,10.392304845413264,97.0,97.0,97.0,97,133,0
0.400093840890118,4.445842759970992,1389.0,0.0,1389.0,1389.0,1389.0,1389,1389,0
14.0,5.632,50.285714285714285,4.3576382352153775,52.0,52.0,52.0,40,52,0
0.40315406063478354,0.12900929940313074,40.0,0.0,40.0,40.0,40.0,40,40,0
0.4018928083847624,0.12860569868312396,40.0,0.0,40.0,40.0,40.0,40,40,0
12.0,9.6,100.0,10.392304845413264,97.0,97.0,97.0,97,133,0
0.40009339011919637,4.44583775100451,1389.0,0.0,1389.0,1389.0,1389.0,1389,1389,0
14.0,5.632,50.285714285714285,4.3576382352153775,52.0,52.0,52.0,40,52,0
0.4013468403690655,4.459766090181056,1389.0,0.0,1389.0,1389.0,1389.0,1389,1389,0
14.0,5.632,50.285714285714285,4.3576382352153775,52.0,52.0,52.0,40,52,0
12.0,9.6,100.0,10.392304845413264,97.0,97.0,97.0,97,133,0
12.0,9.6,100.0,10.392304845413264,97.0,97.0,97.0,97,133,0
12.0,9.6,100.0,10.392304845413264,97.0,97.0,97.0,97,133,0
14.0,5.632,50.285714285714285,4.3576382352153775,52.0,52.0,52.0,40,52,0
12.0,9.6,100.0,10.392304845413264,97.0,97.0,97.0,97,133,0
12.0,9.6,100.0,10.392304845413264,97.0,97.0,97.0,97,133,0
0.40063531401962577,0.12820330048628026,40.0,0.0,40.0,40.0,40.0,40,40,0
14.0,5.632,50.285714285714285,4.3576382352153775,52.0,52.0,52.0,40,52,0
12.0,9.6,100.0,10.392304845413264,97.0,97.0,97.0,97,133,0
0.4000942711723999,4.445847541267708,1389.0,0.0,1389.0,1389.0,1389.0,1389,1389,0
12.0,9.6,100.0,10.392304845413264,97.0,97.0,97.0,97,133,0
14.0,5.632,50.285714285714285,4.3576382352153775,52.0,52.0,52.0,40,52,0
0.40260314821490273,4.409309679249615,1369.0,0.0,1369.0,1369.0,1369.0,1369,1369,0
12.0,9.6,100.0,10.392304845413264,97.0,97.0,97.0,97,133,0
12.0,9.6,100.0,10.392304845413264,97.0,97.0,97.0,97,133,0
0.4006372452690703,0.1282039184861025,40.0,0.0,40.0,40.0,40.0,40,40,0
14.0,5.632,50.285714285714285,4.3576382352153775,52.0,52.0,52.0,40,52,0
0.40037747460184675,0.12812079187259096,40.0,0.0,40.0,40.0,40.0,40,40,0
14.0,5.632,50.285714285714285,4.3576382352153775,52.0,52.0,52.0,40,52,0
14.0,5.632,50.285714285714285,4.3576382352153775,52.0,52.0,52.0,40,52,0
14.0,5.632,50.285714285714285,4.3576382352153775,52.0,52.0,52.0,40,52,0
0.4006338142323695,0.12820282055435825,40.0,0.0,40.0,40.0,40.0,40,40,0
14.0,5.632,50.285714285714285,4.3576382352153775,52.0,52.0,52.0,40,52,0
12.0,9.6,100.0,10.392304845413264,97.0,97.0,97.0,97,133,0
14.0,5.632,50.285714285714285,4.3576382352153775,52.0,52.0,52.0,40,52,0
1.3138688463743822,2.1232120557410017,202.0,0.0,202.0,202.0,202.0,202,202,0
14.0,5.632,50.285714285714285,4.3576382352153775,52.0,52.0,52.0,40,52,0
14.0,5.632,50.285714285714285,4.3576382352153775,52.0,52.0,52.0,40,52,0
0.40063699872555125,0.1282038395921764,40.0,0.0,40.0,40.0,40.0,40,40,0
0.40009322620274934,4.445835929564951,1389.0,0.0,1389.0,1389.0,1389.0,1389,1389,0
12.0,9.6,100.0,10.392304845413264,97.0,97.0,97.0,97,133,0
14.0,5.632,50.285714285714285,4.3576382352153775,52.0,52.0,52.0,40,52,0
0.40009275494371255,4.340206205629394,1356.0,0.0,1356.0,1356.0,1356.0,1356,1356,0
14.0,5.632,50.285714285714285,4.3576382352153775,52.0,52.0,52.0,40,52,0
0.40261142660959276,4.473818172485795,1389.0,0.0,1389.0,1389.0,1389.0,1389,1389,0
12.0,9.6,100.0,10.392304845413264,97.0,97.0,97.0,97,133,0
0.47973227101419236,1.274168911813695,332.0,0.0,332.0,332.0,332.0,332,332,0
12.0,9.6,100.0,10.392304845413264,97.0,97.0,97.0,97,133,0
14.0,5.632,50.285714285714285,4.3576382352153775,52.0,52.0,52.0,40,52,0
14.0,5.632,50.285714285714285,4.3576382352153775,52.0,52.0,52.0,40,52,0
14.0,5.632,50.285714285714285,4.3576382352153775,52.0,52.0,52.0,40,52,0
12.0,9.6,100.0,10.392304845413264,97.0,97.0,97.0,97,133,0
0.40009400480706864,4.4458445814161465,1389.0,0.0,1389.0,1389.0,1389.0,1389,1389,0
12.0,9.6,100.0,10.392304845413264,97.0,97.0,97.0,97,133,0
12.0,9.6,100.0,10.392304845413264,97.0,97.0,97.0,97,133,0
14.0,5.632,50.285714285714285,4.3576382352153775,52.0,52.0,52.0,40,52,0
14.0,5.632,50.285714285714285,4.3576382352153775,52.0,52.0,52.0,40,52,0
1.3313584636438596,1.6189318917909332,152.0,1.1547005383792515,151.0,152.0,153.0,151,153,0
12.0,9.6,100.0,10.392304845413264,97.0,97.0,97.0,97,133,0
14.0,5.632,50.285714285714285,4.3576382352153775,52.0,52.0,52.0,40,52,0
14.0,5.632,50.285714285714285,4.3576382352153775,52.0,52.0,52.0,40,52,0
12.0,9.6,100.0,10.392304845413264,97.0,97.0,97.0,97,133,0
2.0,1.888,118.0,0.0,118.0,118.0,118.0,118,118,0
12.0,9.6,100.0,10.392304845413264,97.0,97.0,97.0,97,133,0
12.0,9.6,100.0,10.392304845413264,97.0,97.0,97.0,97,133,0
12.0,9.6,100.0,10.392304845413264,97.0,97.0,97.0,97,133,0
12.0,9.6,100.0,10.392304845413264,97.0,97.0,97.0,97,133,0
0.4006291505821007,0.12820132818627222,40.0,0.0,40.0,40.0,40.0,40,40,0
14.0,5.632,50.285714285714285,4.3576382352153775,52.0,52.0,52.0,40,52,0
14.0,5.632,50.285714285714285,4.3576382352153775,52.0,52.0,52.0,40,52,0
12.0,9.6,100.0,10.392304845413264,97.0,97.0,97.0,97,133,0
0.4000938613797295,4.445842987651554,1389.0,0.0,1389.0,1389.0,1389.0,1389,1389,0
14.0,5.632,50.285714285714285,4.3576382352153775,52.0,52.0,52.0,40,52,0
14.0,5.632,50.285714285714285,4.3576382352153775,52.0,52.0,52.0,40,52,0
2.0,1.168,73.0,0.0,73.0,73.0,73.0,73,73,0
0.4000942711723999,4.445847541267708,1389.0,0.0,1389.0,1389.0,1389.0,1389,1389,0
0.40261107388909106,4.409396481233325,1369.0,0.0,1369.0,1369.0,1369.0,1369,1369,0
0.4006341224069165,0.1282029191702133,40.0,0.0,40.0,40.0,40.0,40,40,0
12.0,9.6,100.0,10.392304845413264,97.0,97.0,97.0,97,133,0
12.0,9.6,100.0,10.392304845413264,97.0,97.0,97.0,97,133,0
0.40009498831159296,4.340230433204161,1356.0,0.0,1356.0,1356.0,1356.0,1356,1356,0
14.0,5.632,50.285714285714285,4.3576382352153775,52.0,52.0,52.0,40,52,0
14.0,5.632,50.285714285714285,4.3576382352153775,52.0,52.0,52.0,40,52,0
12.0,9.6,100.0,10.392304845413264,97.0,97.0,97.0,97,133,0
14.0,5.632,50.285714285714285,4.3576382352153775,52.0,52.0,52.0,40,52,0
12.0,9.6,100.0,10.392304845413264,97.0,97.0,97.0,97,133,0
0.4013475620055655,4.353818352636375,1356.0,0.0,1356.0,1356.0,1356.0,1356,1356,0
12.0,9.6,100.0,10.392304845413264,97.0,97.0,97.0,97,133,0
1.3138614442503154,2.1232000939085096,202.0,0.0,202.0,202.0,202.0,202,202,0
14.0,5.632,50.285714285714285,4.3576382352153775,52.0,52.0,52.0,40,52,0
12.0,9.6,100.0,10.392304845413264,97.0,97.0,97.0,97,133,0
14.0,5.632,50.285714285714285,4.3576382352153775,52.0,52.0,52.0,40,52,0
0.4005264545352104,0.12816846545126734,40.0,0.0,40.0,40.0,40.0,40,40,0
12.0,9.6,100.0,10.392304845413264,97.0,97.0,97.0,97,133,0
0.9900463538118781,0.617788924778612,78.0,0.0,78.0,78.0,78.0,78,78,0
0.40024080536083434,0.12807705771546699,40.0,0.0,40.0,40.0,40.0,40,40,0
14.0,5.632,50.285714285714285,4.3576382352153775,52.0,52.0,52.0,40,52,0
12.0,9.6,100.0,10.392304845413264,97.0,97.0,97.0,97,133,0
1.3138964669765472,2.1232566906341006,202.0,0.0,202.0,202.0,202.0,202,202,0
14.0,5.632,50.285714285714285,4.3576382352153775,52.0,52.0,52.0,40,52,0
14.0,5.632,50.285714285714285,4.3576382352153775,52.0,52.0,52.0,40,52,0
0.8053205894936407,0.46386465954833705,72.0,2.309401076758503,70.0,72.0,74.0,70,74,0
1.3137479922777682,2.1230167555208737,202.0,0.0,202.0,202.0,202.0,202,202,0
14.0,5.632,50.285714285714285,4.3576382352153775,52.0,52.0,52.0,40,52,0
14.0,5.632,50.285714285714285,4.3576382352153775,52.0,52.0,52.0,40,52,0
12.0,9.6,100.0,10.392304845413264,97.0,97.0,97.0,97,133,0
14.0,5.632,50.285714285714285,4.3576382352153775,52.0,52.0,52.0,40,52,0
12.0,9.6,100.0,10.392304845413264,97.0,97.0,97.0,97,133,0
0.40009328767140123,4.4458366126046105,1389.0,0.0,1389.0,1389.0,1389.0,1389,1389,0
0.40063260208375107,0.12820243266680034,40.0,0.0,40.0,40.0,40.0,40,40,0
14.0,5.632,50.285714285714285,4.3576382352153775,52.0,52.0,52.0,40,52,0
14.0,5.632,50.285714285714285,4.3576382352153775,52.0,52.0,52.0,40,52,0
1.3139240887400365,2.123301327403899,202.0,0.0,202.0,202.0,202.0,202,202,0
12.0,9.6,100.0,10.392304845413264,97.0,97.0,97.0,97,133,0
0.4000946604762143,4.340226876845973,1356.0,0.0,1356.0,1356.0,1356.0,1356,1356,0
14.0,5.632,50.285714285714285,4.3576382352153775,52.0,52.0,52.0,40,52,0
0.8053051908246026,0.46385578991497106,72.0,2.309401076758503,70.0,72.0,74.0,70,74,0
14.0,5.632,50.285714285714285,4.3576382352153775,52.0,52.0,52.0,40,52,0
12.0,9.6,100.0,10.392304845413264,97.0,97.0,97.0,97,133,0
0.9900407497604471,0.617785427850519,78.0,0.0,78.0,78.0,78.0,78,78,0
14.0,5.632,50.285714285714285,4.3576382352153775,52.0,52.0,52.0,40,52,0
12.0,9.6,100.0,10.392304845413264,97.0,97.0,97.0,97,133,0
12.0,9.6,100.0,10.392304845413264,97.0,97.0,97.0,97,133,0
12.0,9.6,100.0,10.392304845413264,97.0,97.0,97.0,97,133,0
12.0,9.6,100.0,10.392304845413264,97.0,97.0,97.0,97,133,0
14.0,5.632,50.285714285714285,4.3576382352153775,52.0,52.0,52.0,40,52,0
14.0,5.632,50.285714285714285,4.3576382352153775,52.0,52.0,52.0,40,52,0
14.0,5.632,50.285714285714285,4.3576382352153775,52.0,52.0,52.0,40,52,0
14.0,5.632,50.285714285714285,4.3576382352153775,52.0,52.0,52.0,40,52,0
0.40009498831159296,4.445855510118421,1389.0,0.0,1389.0,1389.0,1389.0,1389,1389,0
12.0,9.6,100.0,10.392304845413264,97.0,97.0,97.0,97,133,0
14.0,5.632,50.285714285714285,4.3576382352153775,52.0,52.0,52.0,40,52,0
14.0,5.632,50.285714285714285,4.3576382352153775,52.0,52.0,52.0,40,52,0
0.40063204737411784,0.12820225515971773,40.0,0.0,40.0,40.0,40.0,40,40,0
12.0,9.6,100.0,10.392304845413264,97.0,97.0,97.0,97,133,0
14.0,5.632,50.285714285714285,4.3576382352153775,52.0,52.0,52.0,40,52,0
12.0,9.6,100.0,10.392304845413264,97.0,97.0,97.0,97,133,0
14.0,5.632,50.285714285714285,4.3576382352153775,52.0,52.0,52.0,40,52,0
0.40134838673617174,4.459783273412341,1389.0,0.0,1389.0,1389.0,1389.0,1389,1389,0
12.0,9.6,100.0,10.392304845413264,97.0,97.0,97.0,97,133,0
12.0,9.6,100.0,10.392304845413264,97.0,97.0,97.0,97,133,0
12.0,9.6,100.0,10.392304845413264,97.0,97.0,97.0,97,133,0
12.0,9.6,100.0,10.392304845413264,97.0,97.0,97.0,97,133,0
0.4000945990071406,4.340226210029462,1356.0,0.0,1356.0,1356.0,1356.0,1356,1356,0
0.40102625763374333,4.3503328428108485,1356.0,0.0,1356.0,1356.0,1356.0,1356,1356,0
0.4000930622864367,4.128960402796027,1290.0,0.0,1290.0,1290.0,1290.0,1290,1290,0
12.0,9.6,100.0,10.392304845413264,97.0,97.0,97.0,97,133,0
12.0,9.6,100.0,10.392304845413264,97.0,97.0,97.0,97,133,0
14.0,5.632,50.285714285714285,4.3576382352153775,52.0,52.0,52.0,40,52,0
12.0,9.6,100.0,10.392304845413264,97.0,97.0,97.0,97,133,0
2.631424422739863,1.831471398226945,87.0,24.04994802489186,70.75,73.0,106.75,70,118,0
12.0,9.6,100.0,10.392304845413264,97.0,97.0,97.0,97,133,0
12.0,9.6,100.0,10.392304845413264,97.0,97.0,97.0,97,133,0
0.4000941892137987,4.381831560269523,1369.0,0.0,1369.0,1369.0,1369.0,1369,1369,0
0.4018869369744058,0.12860381983180985,40.0,0.0,40.0,40.0,40.0,40,40,0
14.0,5.632,50.285714285714285,4.3576382352153775,52.0,52.0,52.0,40,52,0
14.0,5.632,50.285714285714285,4.3576382352153775,52.0,52.0,52.0,40,52,0
14.0,5.632,50.285714285714285,4.3576382352153775,52.0,52.0,52.0,40,52,0
12.0,9.6,100.0,10.392304845413264,97.0,97.0,97.0,97,133,0
0.4000974675840392,4.445883059793843,1389.0,0.0,1389.0,1389.0,1389.0,1389,1389,0
14.0,5.632,50.285714285714285,4.3576382352153775,52.0,52.0,52.0,40,52,0
0.9937061672234813,0.6200726483474523,78.0,0.0,78.0,78.0,78.0,78,78,0
12.0,9.6,100.0,10.392304845413264,97.0,97.0,97.0,97,133,0
14.0,5.632,50.285714285714285,4.3576382352153775,52.0,52.0,52.0,40,52,0
14.0,5.632,50.285714285714285,4.3576382352153775,52.0,52.0,52.0,40,52,0
0.40009828718499396,4.340266219382815,1356.0,0.0,1356.0,1356.0,1356.0,1356,1356,0
14.0,5.632,50.285714285714285,4.3576382352153775,52.0,52.0,52.0,40,52,0
1.313739376472807,2.123002832380056,202.0,0.0,202.0,202.0,202.0,202,202,0
0.400089702031626,4.381782416650369,1369.0,0.0,1369.0,1369.0,1369.0,1369,1369,0
12.0,9.6,100.0,10.392304845413264,97.0,97.0,97.0,97,133,0
0.4013468403690655,4.353810524323623,1356.0,0.0,1356.0,1356.0,1356.0,1356,1356,0
12.0,9.6,100.0,10.392304845413264,97.0,97.0,97.0,97,133,0
14.0,5.632,50.285714285714285,4.3576382352153775,52.0,52.0,52.0,40,52,0
0.4000930622864367,4.445834108126885,1389.0,0.0,1389.0,1389.0,1389.0,1389,1389,0
1.31383769172886,2.1231617098338376,202.0,0.0,202.0,202.0,202.0,202,202,0
1.313917680387443,2.123290971506108,202.0,0.0,202.0,202.0,202.0,202,202,0
14.0,5.632,50.285714285714285,4.3576382352153775,52.0,52.0,52.0,40,52,0
1.3188961822323708,2.1313362304875114,202.0,0.0,202.0,202.0,202.0,202,202,0
14.0,5.632,50.285714285714285,4.3576382352153775,52.0,52.0,52.0,40,52,0
0.4018839599868126,0.12860286719578004,40.0,0.0,40.0,40.0,40.0,40,40,0
14.0,5.632,50.285714285714285,4.3576382352153775,52.0,52.0,52.0,40,52,0
14.0,5.632,50.285714285714285,4.3576382352153775,52.0,52.0,52.0,40,52,0
14.0,5.632,50.285714285714285,4.3576382352153775,52.0,52.0,52.0,40,52,0
12.0,9.6,100.0,10.392304845413264,97.0,97.0,97.0,97,133,0
1.3137376091421675,2.122999976373743,202.0,0.0,202.0,202.0,202.0,202,202,0
14.0,5.632,50.285714285714285,4.3576382352153775,52.0,52.0,52.0,40,52,0
14.0,5.632,50.285714285714285,4.3576382352153775,52.0,52.0,52.0,40,52,0
14.0,5.632,50.285714285714285,4.3576382352153775,52.0,52.0,52.0,40,52,0
12.0,9.6,100.0,10.392304845413264,97.0,97.0,97.0,97,133,0
12.0,9.6,100.0,10.392304845413264,97.0,97.0,97.0,97,133,0
14.0,5.632,50.285714285714285,4.3576382352153775,52.0,52.0,52.0,40,52,0
1.3137595906552133,2.123035498498825,202.0,0.0,202.0,202.0,202.0,202,202,0
14.0,5.632,50.285714285714285,4.3576382352153775,52.0,52.0,52.0,40,52,0
12.0,9.6,100.0,10.392304845413264,97.0,97.0,97.0,97,133,0
14.0,5.632,50.285714285714285,4.3576382352153775,52.0,52.0,52.0,40,52,0
0.9900062067845131,0.6177638730335362,78.0,0.0,78.0,78.0,78.0,78,78,0
0.4006297052837122,0.12820150569078792,40.0,0.0,40.0,40.0,40.0,40,40,0
14.0,5.632,50.285714285714285,4.3576382352153775,52.0,52.0,52.0,40,52,0
12.0,9.6,100.0,10.392304845413264,97.0,97.0,97.0,97,133,0
0.4000938613797295,4.128968649438809,1290.0,0.0,1290.0,1290.0,1290.0,1290,1290,0
14.0,5.632,50.285714285714285,4.3576382352153775,52.0,52.0,52.0,40,52,0
0.8053129523442853,0.4638602605503083,72.0,2.309401076758503,70.0,72.0,74.0,70,74,0
12.0,9.6,100.0,10.392304845413264,97.0,97.0,97.0,97,133,0
0.40009345158789855,4.340213762825524,1356.0,0.0,1356.0,1356.0,1356.0,1356,1356,0
12.0,9.6,100.0,10.392304845413264,97.0,97.0,97.0,97,133,0
0.400632191187579,0.12820230118002526,40.0,0.0,40.0,40.0,40.0,40,40,0
14.0,5.632,50.285714285714285,4.3576382352153775,52.0,52.0,52.0,40,52,0
12.0,9.6,100.0,10.392304845413264,97.0,97.0,97.0,97,133,0
12.0,9.6,100.0,10.392304845413264,97.0,97.0,97.0,97,133,0
14.0,5.632,50.285714285714285,4.3576382352153775,52.0,52.0,52.0,40,52,0
0.4009881168422657,0.12831619738952502,40.0,0.0,40.0,40.0,40.0,40,40,0
1.3138722712659792,2.1232175903658224,202.0,0.0,202.0,202.0,202.0,202,202,0
14.0,5.632,50.285714285714285,4.3576382352153775,52.0,52.0,52.0,40,52,0
0.4785856725937371,1.2711235464089659,332.0,0.0,332.0,332.0,332.0,332,332,0
14.0,5.632,50.285714285714285,4.3576382352153775,52.0,52.0,52.0,40,52,0
12.0,9.6,100.0,10.392304845413264,97.0,97.0,97.0,97,133,0
14.0,5.632,50.285714285714285,4.3576382352153775,52.0,52.0,52.0,40,52,0
14.0,5.632,50.285714285714285,4.3576382352153775,52.0,52.0,52.0,40,52,0
14.0,5.632,50.285714285714285,4.3576382352153775,52.0,52.0,52.0,40,52,0
0.4000927344542144,4.44583046525523,1389.0,0.0,1389.0,1389.0,1389.0,1389,1389,0
12.0,9.6,100.0,10.392304845413264,97.0,97.0,97.0,97,133,0
0.9938384770667239,0.6201552096896358,78.0,0.0,78.0,78.0,78.0,78,78,0
14.0,5.632,50.285714285714285,4.3576382352153775,52.0,52.0,52.0,40,52,0
14.0,5.632,50.285714285714285,4.3576382352153775,52.0,52.0,52.0,40,52,0
14.0,5.632,50.285714285714285,4.3576382352153775,52.0,52.0,52.0,40,52,0
0.40009330816095606,4.340212206930052,1356.0,0.0,1356.0,1356.0,1356.0,1356,1356,0
14.0,5.632,50.285714285714285,4.3576382352153775,52.0,52.0,52.0,40,52,0
14.0,5.632,50.285714285714285,4.3576382352153775,52.0,52.0,52.0,40,52,0
14.0,5.632,50.285714285714285,4.3576382352153775,52.0,52.0,52.0,40,52,0
0.4000913821519759,4.445815438472756,1389.0,0.0,1389.0,1389.0,1389.0,1389,1389,0
0.4006319651950435,0.12820222886241392,40.0,0.0,40.0,40.0,40.0,40,40,0
12.0,9.6,100.0,10.392304845413264,97.0,97.0,97.0,97,133,0
12.0,9.6,100.0,10.392304845413264,97.0,97.0,97.0,97,133,0
14.0,5.632,50.285714285714285,4.3576382352153775,52.0,52.0,52.0,40,52,0
14.0,5.632,50.285714285714285,4.3576382352153775,52.0,52.0,52.0,40,52,0
14.0,5.632,50.285714285714285,4.3576382352153775,52.0,52.0,52.0,40,52,0
14.0,5.632,50.285714285714285,4.3576382352153775,52.0,52.0,52.0,40,52,0
14.0,5.632,50.285714285714285,4.3576382352153775,52.0,52.0,52.0,40,52,0
14.0,5.632,50.285714285714285,4.3576382352153775,52.0,52.0,52.0,40,52,0
12.0,9.6,100.0,10.392304845413264,97.0,97.0,97.0,97,133,0
12.0,9.6,100.0,10.392304845413264,97.0,97.0,97.0,97,133,0
14.0,5.632,50.285714285714285,4.3576382352153775,52.0,52.0,52.0,40,52,0
12.0,9.6,100.0,10.392304845413264,97.0,97.0,97.0,97,133,0
12.0,9.6,100.0,10.392304845413264,97.0,97.0,97.0,97,133,0
14.0,5.632,50.285714285714285,4.3576382352153775,52.0,52.0,52.0,40,52,0
0.400633300609178,0.12820265619493695,40.0,0.0,40.0,40.0,40.0,40,40,0
12.0,9.6,100.0,10.392304845413264,97.0,97.0,97.0,97,133,0
12.0,9.6,100.0,10.392304845413264,97.0,97.0,97.0,97,133,0
0.4013486960110229,4.353830654327576,1356.0,0.0,1356.0,1356.0,1356.0,1356,1356,0
12.0,9.6,100.0,10.392304845413264,97.0,97.0,97.0,97,133,0
14.0,5.632,50.285714285714285,4.3576382352153775,52.0,52.0,52.0,40,52,0
0.4000960128006142,4.445866894240425,1389.0,0.0,1389.0,1389.0,1389.0,1389,1389,0
14.0,5.632,50.285714285714285,4.3576382352153775,52.0,52.0,52.0,40,52,0
12.0,9.6,100.0,10.392304845413264,97.0,97.0,97.0,97,133,0
12.0,9.6,100.0,10.392304845413264,97.0,97.0,97.0,97,133,0
0.8053345359662404,0.46387269271655446,72.0,2.309401076758503,70.0,72.0,74.0,70,74,0
0.4000972217044075,4.445880327579376,1389.0,0.0,1389.0,1389.0,1389.0,1389,1389,0
14.0,5.632,50.285714285714285,4.3576382352153775,52.0,52.0,52.0,40,52,0
1.970175555986694,1.2293895469356972,78.0,0.0,78.0,78.0,78.0,78,78,0
14.0,5.632,50.285714285714285,4.3576382352153775,52.0,52.0,52.0,40,52,0
12.0,9.6,100.0,10.392304845413264,97.0,97.0,97.0,97,133,0
0.4000936769733017,4.445840938527328,1389.0,0.0,1389.0,1389.0,1389.0,1389,1389,0
14.0,5.632,50.285714285714285,4.3576382352153775,52.0,52.0,52.0,40,52,0
0.4006331567949204,0.12820261017437454,40.0,0.0,40.0,40.0,40.0,40,40,0
0.4006346976673394,0.1282031032535486,40.0,0.0,40.0,40.0,40.0,40,40,0
13.0,5.312,51.07692307692308,3.328201177351375,52.0,52.0,52.0,40,52,0
12.0,9.6,100.0,10.392304845413264,97.0,97.0,97.0,97,133,0
14.0,5.632,50.285714285714285,4.3576382352153775,52.0,52.0,52.0,40,52,0
12.0,9.6,100.0,10.392304845413264,97.0,97.0,97.0,97,133,0
12.0,9.6,100.0,10.392304845413264,97.0,97.0,97.0,97,133,0
12.0,9.6,100.0,10.392304845413264,97.0,97.0,97.0,97,133,0
0.9900159086844386,0.6177699270190897,78.0,0.0,78.0,78.0,78.0,78,78,0
14.0,5.632,50.285714285714285,4.3576382352153775,52.0,52.0,52.0,40,52,0
14.0,5.632,50.285714285714285,4.3576382352153775,52.0,52.0,52.0,40,52,0
12.0,9.6,100.0,10.392304845413264,97.0,97.0,97.0,97,133,0
0.9900228506778156,0.6177742588229569,78.0,0.0,78.0,78.0,78.0,78,78,0
1.31389514116111,2.123254548116354,202.0,0.0,202.0,202.0,202.0,202,202,0
2.784571141292793,1.5927746928194777,71.5,1.7320508075688772,70.0,71.5,73.0,70,73,0
0.4000945580277686,4.445850728804565,1389.0,0.0,1389.0,1389.0,1389.0,1389,1389,0
12.0,9.6,100.0,10.392304845413264,97.0,97.0,97.0,97,133,0
14.0,5.632,50.285714285714285,4.3576382352153775,52.0,52.0,52.0,40,52,0
12.0,9.6,100.0,10.392304845413264,97.0,97.0,97.0,97,133,0
14.0,5.632,50.285714285714285,4.3576382352153775,52.0,52.0,52.0,40,52,0
12.0,9.6,100.0,10.392304845413264,97.0,97.0,97.0,97,133,0
14.0,5.632,50.285714285714285,4.3576382352153775,52.0,52.0,52.0,40,52,0
14.0,5.632,50.285714285714285,4.3576382352153775,52.0,52.0,52.0,40,52,0
12.0,9.6,100.0,10.392304845413264,97.0,97.0,97.0,97,133,0
14.0,5.632,50.285714285714285,4.3576382352153775,52.0,52.0,52.0,40,52,0
12.0,9.6,100.0,10.392304845413264,97.0,97.0,97.0,97,133,0
12.0,9.6,100.0,10.392304845413264,97.0,97.0,97.0,97,133,0
12.0,9.6,100.0,10.392304845413264,97.0,97.0,97.0,97,133,0
14.0,5.632,50.285714285714285,4.3576382352153775,52.0,52.0,52.0,40,52,0
12.0,9.6,100.0,10.392304845413264,97.0,97.0,97.0,97,133,0
0.9849418103732663,0.6146036896729182,78.0,0.0,78.0,78.0,78.0,78,78,0
14.0,5.632,50.285714285714285,4.3576382352153775,52.0,52.0,52.0,40,52,0
0.4867311330241014,1.2927578893120135,332.0,0.0,332.0,332.0,332.0,332,332,0
12.0,9.6,100.0,10.392304845413264,97.0,97.0,97.0,97,133,0
0.40009320571320295,4.340211095576826,1356.0,0.0,1356.0,1356.0,1356.0,1356,1356,0
0.40261619877124366,4.47387120074606,1389.0,0.0,1389.0,1389.0,1389.0,1389,1389,0
14.0,5.632,50.285714285714285,4.3576382352153775,52.0,52.0,52.0,40,52,0
14.0,5.632,50.285714285714285,4.3576382352153775,52.0,52.0,52.0,40,52,0
1.3139202216232335,2.1232950781431454,202.0,0.0,202.0,202.0,202.0,202,202,0
0.401886957648085,0.12860382644738722,40.0,0.0,40.0,40.0,40.0,40,40,0
14.0,5.632,50.285714285714285,4.3576382352153775,52.0,52.0,52.0,40,52,0
0.4006296025610757,0.12820147281954422,40.0,0.0,40.0,40.0,40.0,40,40,0
0.8069086042897999,0.4647793560709247,72.0,2.309401076758503,70.0,72.0,74.0,70,74,0
14.0,5.632,50.285714285714285,4.3576382352153775,52.0,52.0,52.0,40,52,0
12.0,9.6,100.0,10.392304845413264,97.0,97.0,97.0,97,133,0
0.4008946377564802,0.12828628408207368,40.0,0.0,40.0,40.0,40.0,40,40,0
0.4000948448835487,4.445853916345993,1389.0,0.0,1389.0,1389.0,1389.0,1389,1389,0
12.0,9.6,100.0,10.392304845413264,97.0,97.0,97.0,97,133,0
14.0,5.632,50.285714285714285,4.3576382352153775,52.0,52.0,52.0,40,52,0
12.0,9.6,100.0,10.392304845413264,97.0,97.0,97.0,97,133,0
14.0,5.632,50.285714285714285,4.3576382352153775,52.0,52.0,52.0,40,52,0
0.40236842423769537,0.1287578957560625,40.0,0.0,40.0,40.0,40.0,40,40,0
1.3138406745564937,2.123166530083294,202.0,0.0,202.0,202.0,202.0,202,202,0
14.0,5.632,50.285714285714285,4.3576382352153775,52.0,52.0,52.0,40,52,0
14.0,5.632,50.285714285714285,4.3576382352153775,52.0,52.0,52.0,40,52,0
12.0,9.6,100.0,10.392304845413264,97.0,97.0,97.0,97,133,0
1.3137803577854834,2.123069058181341,202.0,0.0,202.0,202.0,202.0,202,202,0
14.0,5.632,50.285714285714285,4.3576382352153775,52.0,52.0,52.0,40,52,0
12.0,9.6,100.0,10.392304845413264,97.0,97.0,97.0,97,133,0
14.0,5.632,50.285714285714285,4.3576382352153775,52.0,52.0,52.0,40,52,0
14.0,5.632,50.285714285714285,4.3576382352153775,52.0,52.0,52.0,40,52,0
14.0,5.632,50.285714285714285,4.3576382352153775,52.0,52.0,52.0,40,52,0
14.0,5.632,50.285714285714285,4.3576382352153775,52.0,52.0,52.0,40,52,0
0.40009330816095606,4.128962940221067,1290.0,0.0,1290.0,1290.0,1290.0,1290,1290,0
14.0,5.632,50.285714285714285,4.3576382352153775,52.0,52.0,52.0,40,52,0
14.0,5.632,50.285714285714285,4.3576382352153775,52.0,52.0,52.0,40,52,0
14.0,5.632,50.285714285714285,4.3576382352153775,52.0,52.0,52.0,40,52,0
14.0,5.632,50.285714285714285,4.3576382352153775,52.0,52.0,52.0,40,52,0
12.0,9.6,100.0,10.392304845413264,97.0,97.0,97.0,97,133,0
12.0,9.6,100.0,10.392304845413264,97.0,97.0,97.0,97,133,0
0.40063395804709906,0.1282028665750717,40.0,0.0,40.0,40.0,40.0,40,40,0
0.4022548721882449,4.160924397915204,1293.0,0.0,1293.0,1293.0,1293.0,1293,1293,0
0.4005830130036553,0.1281865641611697,40.0,0.0,40.0,40.0,40.0,40,40,0
12.0,9.6,100.0,10.392304845413264,97.0,97.0,97.0,97,133,0
2.0,1.888,118.0,0.0,118.0,118.0,118.0,118,118,0
14.0,5.632,50.285714285714285,4.3576382352153775,52.0,52.0,52.0,40,52,0
14.0,5.632,50.285714285714285,4.3576382352153775,52.0,52.0,52.0,40,52,0
14.0,5.632,50.285714285714285,4.3576382352153775,52.0,52.0,52.0,40,52,0
0.4026067997956587,4.441558215345707,1379.0,14.142135623730951,1374.0,1379.0,1384.0,1369,1389,0
0.40009281641221955,4.202574943593954,1313.0,4.242640687119285,1311.5,1313.0,1314.5,1310,1316,0
0.6647194888011464,0.8774297252175133,165.0,0.0,165.0,165.0,165.0,165,165,0
14.0,5.632,50.285714285714285,4.3576382352153775,52.0,52.0,52.0,40,52,0
12.0,9.6,100.0,10.392304845413264,97.0,97.0,97.0,97,133,0
14.0,5.632,50.285714285714285,4.3576382352153775,52.0,52.0,52.0,40,52,0
0.40063260208375107,0.12820243266680034,40.0,0.0,40.0,40.0,40.0,40,40,0
12.0,9.6,100.0,10.392304845413264,97.0,97.0,97.0,97,133,0
0.990022516121685,0.6177740500599315,78.0,0.0,78.0,78.0,78.0,78,78,0
12.0,9.6,100.0,10.392304845413264,97.0,97.0,97.0,97,133,0
0.4013472321142721,4.353814773975624,1356.0,0.0,1356.0,1356.0,1356.0,1356,1356,0
0.4006373479956261,0.12820395135860035,40.0,0.0,40.0,40.0,40.0,40,40,0
0.4006268290698006,0.12820058530233622,40.0,0.0,40.0,40.0,40.0,40,40,0
0.40009314424457626,4.445835018845732,1389.0,0.0,1389.0,1389.0,1389.0,1389,1389,0
14.0,5.632,50.285714285714285,4.3576382352153775,52.0,52.0,52.0,40,52,0
14.0,5.632,50.285714285714285,4.3576382352153775,52.0,52.0,52.0,40,52,0
14.0,5.632,50.285714285714285,4.3576382352153775,52.0,52.0,52.0,40,52,0
14.0,5.632,50.285714285714285,4.3576382352153775,52.0,52.0,52.0,40,52,0
0.8071694208578778,0.46492958641413756,72.0,2.309401076758503,70.0,72.0,74.0,70,74,0
14.0,5.632,50.285714285714285,4.3576382352153775,52.0,52.0,52.0,40,52,0
12.0,9.6,100.0,10.392304845413264,97.0,97.0,97.0,97,133,0
12.0,9.6,100.0,10.392304845413264,97.0,97.0,97.0,97,133,0
0.40063163647908356,0.12820212367330674,40.0,0.0,40.0,40.0,40.0,40,40,0
12.0,9.6,100.0,10.392304845413264,97.0,97.0,97.0,97,133,0
12.0,9.6,100.0,10.392304845413264,97.0,97.0,97.0,97,133,0
14.0,5.632,50.285714285714285,4.3576382352153775,52.0,52.0,52.0,40,52,0
14.0,5.632,50.285714285714285,4.3576382352153775,52.0,52.0,52.0,40,52,0
12.0,9.6,100.0,10.392304845413264,97.0,97.0,97.0,97,133,0
14.0,5.632,50.285714285714285,4.3576382352153775,52.0,52.0,52.0,40,52,0
0.4013478918974012,4.459777774763922,1389.0,0.0,1389.0,1389.0,1389.0,1389,1389,0
12.0,9.6,100.0,10.392304845413264,97.0,97.0,97.0,97,133,0
14.0,5.632,50.285714285714285,4.3576382352153775,52.0,52.0,52.0,40,52,0
0.4006357454673546,0.1282034385495535,40.0,0.0,40.0,40.0,40.0,40,40,0
0.4000937794212962,4.340217319162221,1356.0,0.0,1356.0,1356.0,1356.0,1356,1356,0
12.0,9.6,100.0,10.392304845413264,97.0,97.0,97.0,97,133,0
14.0,5.632,50.285714285714285,4.3576382352153775,52.0,52.0,52.0,40,52,0
12.0,9.6,100.0,10.392304845413264,97.0,97.0,97.0,97,133,0
12.0,9.6,100.0,10.392304845413264,97.0,97.0,97.0,97,133,0
14.0,5.632,50.285714285714285,4.3576382352153775,52.0,52.0,52.0,40,52,0
12.0,9.6,100.0,10.392304845413264,97.0,97.0,97.0,97,133,0
14.0,5.632,50.285714285714285,4.3576382352153775,52.0,52.0,52.0,40,52,0
0.40009314424457626,4.1289612486040275,1290.0,0.0,1290.0,1290.0,1290.0,1290,1290,0
0.8053158992706235,0.4638619579798791,72.0,2.309401076758503,70.0,72.0,74.0,70,74,0
14.0,5.632,50.285714285714285,4.3576382352153775,52.0,52.0,52.0,40,52,0
12.0,9.6,100.0,10.392304845413264,97.0,97.0,97.0,97,133,0
12.0,9.6,100.0,10.392304845413264,97.0,97.0,97.0,97,133,0
14.0,5.632,50.285714285714285,4.3576382352153775,52.0,52.0,52.0,40,52,0
0.9900281199666969,0.6177775468592189,78.0,0.0,78.0,78.0,78.0,78,78,0
0.40118453810911625,0.1283790521949172,40.0,0.0,40.0,40.0,40.0,40,40,0
12.0,9.6,100.0,10.392304845413264,97.0,97.0,97.0,97,133,0
12.0,9.6,100.0,10.392304845413264,97.0,97.0,97.0,97,133,0
1.3137597011169353,2.123035677004968,202.0,0.0,202.0,202.0,202.0,202,202,0
14.0,5.632,50.285714285714285,4.3576382352153775,52.0,52.0,52.0,40,52,0
14.0,5.632,50.285714285714285,4.3576382352153775,52.0,52.0,52.0,40,52,0
12.0,9.6,100.0,10.392304845413264,97.0,97.0,97.0,97,133,0
12.0,9.6,100.0,10.392304845413264,97.0,97.0,97.0,97,133,0
12.0,9.6,100.0,10.392304845413264,97.0,97.0,97.0,97,133,0
14.0,5.632,50.285714285714285,4.3576382352153775,52.0,52.0,52.0,40,52,0
0.40009457851745356,4.340225987757337,1356.0,0.0,1356.0,1356.0,1356.0,1356,1356,0
12.0,9.6,100.0,10.392304845413264,97.0,97.0,97.0,97,133,0
1.3138882911573089,2.1232434785102114,202.0,0.0,202.0,202.0,202.0,202,202,0
0.40009345158789855,4.445838434044729,1389.0,0.0,1389.0,1389.0,1389.0,1389,1389,0
0.42114272881513265,1.1185550877329924,332.0,0.0,332.0,332.0,332.0,332,332,0
0.40201045880701103,0.12864334681824352,40.0,0.0,40.0,40.0,40.0,40,40,0
12.0,9.6,100.0,10.392304845413264,97.0,97.0,97.0,97,133,0
2.0,1.168,73.0,0.0,73.0,73.0,73.0,73,73,0
0.4000935540357776,4.340214874180116,1356.0,0.0,1356.0,1356.0,1356.0,1356,1356,0
12.0,9.6,100.0,10.392304845413264,97.0,97.0,97.0,97,133,0
12.0,9.6,100.0,10.392304845413264,97.0,97.0,97.0,97,133,0
0.993777289919403,0.6201170289097075,78.0,0.0,78.0,78.0,78.0,78,78,0
12.0,9.6,100.0,10.392304845413264,97.0,97.0,97.0,97,133,0
12.0,9.6,100.0,10.392304845413264,97.0,97.0,97.0,97,133,0
12.0,9.6,100.0,10.392304845413264,97.0,97.0,97.0,97,133,0
12.0,9.6,100.0,10.392304845413264,97.0,97.0,97.0,97,133,0
0.9900101377038101,0.6177663259271775,78.0,0.0,78.0,78.0,78.0,78,78,0
12.0,9.6,100.0,10.392304845413264,97.0,97.0,97.0,97,133,0
14.0,5.632,50.285714285714285,4.3576382352153775,52.0,52.0,52.0,40,52,0
1.3137613580449954,2.1230383546007126,202.0,0.0,202.0,202.0,202.0,202,202,0
12.0,9.6,100.0,10.392304845413264,97.0,97.0,97.0,97,133,0
12.0,9.6,100.0,10.392304845413264,97.0,97.0,97.0,97,133,0
14.0,5.632,50.285714285714285,4.3576382352153775,52.0,52.0,52.0,40,52,0
12.0,9.6,100.0,10.392304845413264,97.0,97.0,97.0,97,133,0
14.0,5.632,50.285714285714285,4.3576382352153775,52.0,52.0,52.0,40,52,0
14.0,5.632,50.285714285714285,4.3576382352153775,52.0,52.0,52.0,40,52,0
14.0,5.632,50.285714285714285,4.3576382352153775,52.0,52.0,52.0,40,52,0
12.0,9.6,100.0,10.392304845413264,97.0,97.0,97.0,97,133,0
14.0,5.632,50.285714285714285,4.3576382352153775,52.0,52.0,52.0,40,52,0
1.3137402601399097,2.1230042603860944,202.0,0.0,202.0,202.0,202.0,202,202,0
14.0,5.632,50.285714285714285,4.3576382352153775,52.0,52.0,52.0,40,52,0
12.0,9.6,100.0,10.392304845413264,97.0,97.0,97.0,97,133,0
14.0,5.632,50.285714285714285,4.3576382352153775,52.0,52.0,52.0,40,52,0
0.4013486960110229,4.353830654327576,1356.0,0.0,1356.0,1356.0,1356.0,1356,1356,0
14.0,5.632,50.285714285714285,4.3576382352153775,52.0,52.0,52.0,40,52,0
12.0,9.6,100.0,10.392304845413264,97.0,97.0,97.0,97,133,0
14.0,5.632,50.285714285714285,4.3576382352153775,52.0,52.0,52.0,40,52,0
14.0,5.632,50.285714285714285,4.3576382352153775,52.0,52.0,52.0,40,52,0
12.0,9.6,100.0,10.392304845413264,97.0,97.0,97.0,97,133,0
14.0,5.632,50.285714285714285,4.3576382352153775,52.0,52.0,52.0,40,52,0
12.0,9.6,100.0,10.392304845413264,97.0,97.0,97.0,97,133,0
12.0,9.6,100.0,10.392304845413264,97.0,97.0,97.0,97,133,0
0.9899973414215395,0.6177583410470406,78.0,0.0,78.0,78.0,78.0,78,78,0
1.4772524862277523,2.387240017744048,202.0,0.0,202.0,202.0,202.0,202,202,0
13.0,5.312,51.07692307692308,3.328201177351375,52.0,52.0,52.0,40,52,0
2.0,1.888,118.0,0.0,118.0,118.0,118.0,118,118,0
0.4006307530576139,0.12820184097843645,40.0,0.0,40.0,40.0,40.0,40,40,0
12.0,9.6,100.0,10.392304845413264,97.0,97.0,97.0,97,133,0
14.0,5.632,50.285714285714285,4.3576382352153775,52.0,52.0,52.0,40,52,0
12.0,9.6,100.0,10.392304845413264,97.0,97.0,97.0,97,133,0
1.3137444575748822,2.12301104344101,202.0,0.0,202.0,202.0,202.0,202,202,0
12.0,9.6,100.0,10.392304845413264,97.0,97.0,97.0,97,133,0
14.0,5.632,50.285714285714285,4.3576382352153775,52.0,52.0,52.0,40,52,0
12.0,9.6,100.0,10.392304845413264,97.0,97.0,97.0,97,133,0
12.0,9.6,100.0,10.392304845413264,97.0,97.0,97.0,97,133,0
12.0,9.6,100.0,10.392304845413264,97.0,97.0,97.0,97,133,0
12.0,9.6,100.0,10.392304845413264,97.0,97.0,97.0,97,133,0
14.0,5.632,50.285714285714285,4.3576382352153775,52.0,52.0,52.0,40,52,0
2.0,1.888,118.0,0.0,118.0,118.0,118.0,118,118,0
14.0,5.632,50.285714285714285,4.3576382352153775,52.0,52.0,52.0,40,52,0
14.0,5.632,50.285714285714285,4.3576382352153775,52.0,52.0,52.0,40,52,0
14.0,5.632,50.285714285714285,4.3576382352153775,52.0,52.0,52.0,40,52,0
12.0,9.6,100.0,10.392304845413264,97.0,97.0,97.0,97,133,0
14.0,5.632,50.285714285714285,4.3576382352153775,52.0,52.0,52.0,40,52,0
0.40063017780851884,0.12820165689872604,40.0,0.0,40.0,40.0,40.0,40,40,0
12.0,9.6,100.0,10.392304845413264,97.0,97.0,97.0,97,133,0
0.40063284862185894,0.12820251155899487,40.0,0.0,40.0,40.0,40.0,40,40,0
14.0,5.632,50.285714285714285,4.3576382352153775,52.0,52.0,52.0,40,52,0
14.0,5.632,50.285714285714285,4.3576382352153775,52.0,52.0,52.0,40,52,0
14.0,5.632,50.285714285714285,4.3576382352153775,52.0,52.0,52.0,40,52,0
12.0,9.6,100.0,10.392304845413264,97.0,97.0,97.0,97,133,0
12.0,9.6,100.0,10.392304845413264,97.0,97.0,97.0,97,133,0
0.40009353354619764,4.445839344765348,1389.0,0.0,1389.0,1389.0,1389.0,1389,1389,0
0.40188935580930096,0.12860459385897632,40.0,0.0,40.0,40.0,40.0,40,40,0
14.0,5.632,50.285714285714285,4.3576382352153775,52.0,52.0,52.0,40,52,0
14.0,5.632,50.285714285714285,4.3576382352153775,52.0,52.0,52.0,40,52,0
12.0,9.6,100.0,10.392304845413264,97.0,97.0,97.0,97,133,0
14.0,5.632,50.285714285714285,4.3576382352153775,52.0,52.0,52.0,40,52,0
12.0,9.6,100.0,10.392304845413264,97.0,97.0,97.0,97,133,0
12.0,9.6,100.0,10.392304845413264,97.0,97.0,97.0,97,133,0
12.0,9.6,100.0,10.392304845413264,97.0,97.0,97.0,97,133,0
14.0,5.632,50.285714285714285,4.3576382352153775,52.0,52.0,52.0,40,52,0
0.4024393309508582,0.12878058590427463,40.0,0.0,40.0,40.0,40.0,40,40,0
14.0,5.632,50.285714285714285,4.3576382352153775,52.0,52.0,52.0,40,52,0
12.0,9.6,100.0,10.392304845413264,97.0,97.0,97.0,97,133,0
0.40009404578632735,4.1289705525148985,1290.0,0.0,1290.0,1290.0,1290.0,1290,1290,0
1.3137574918860235,2.123032106887814,202.0,0.0,202.0,202.0,202.0,202,202,0
12.0,9.6,100.0,10.392304845413264,97.0,97.0,97.0,97,133,0
12.0,9.6,100.0,10.392304845413264,97.0,97.0,97.0,97,133,0
12.0,9.6,100.0,10.392304845413264,97.0,97.0,97.0,97,133,0
12.0,9.6,100.0,10.392304845413264,97.0,97.0,97.0,97,133,0
14.0,5.632,50.285714285714285,4.3576382352153775,52.0,52.0,52.0,40,52,0
14.0,5.632,50.285714285714285,4.3576382352153775,52.0,52.0,52.0,40,52,0
12.0,9.6,100.0,10.392304845413264,97.0,97.0,97.0,97,133,0
14.0,5.632,50.285714285714285,4.3576382352153775,52.0,52.0,52.0,40,52,0
14.0,5.632,50.285714285714285,4.3576382352153775,52.0,52.0,52.0,40,52,0
12.0,9.6,100.0,10.392304845413264,97.0,97.0,97.0,97,133,0
12.0,9.6,100.0,10.392304845413264,97.0,97.0,97.0,97,133,0
12.0,9.6,100.0,10.392304845413264,97.0,97.0,97.0,97,133,0
14.0,5.632,50.285714285714285,4.3576382352153775,52.0,52.0,52.0,40,52,0
1.313871276940773,2.1232159835362894,202.0,0.0,202.0,202.0,202.0,202,202,0
12.0,9.6,100.0,10.392304845413264,97.0,97.0,97.0,97,133,0
1.313734626782496,2.122995156880514,202.0,0.0,202.0,202.0,202.0,202,202,0
14.0,5.632,50.285714285714285,4.3576382352153775,52.0,52.0,52.0,40,52,0
12.0,9.6,100.0,10.392304845413264,97.0,97.0,97.0,97,133,0
14.0,5.632,50.285714285714285,4.3576382352153775,52.0,52.0,52.0,40,52,0
14.0,5.632,50.285714285714285,4.3576382352153775,52.0,52.0,52.0,40,52,0
12.0,9.6,100.0,10.392304845413264,97.0,97.0,97.0,97,133,0
14.0,5.632,50.285714285714285,4.3576382352153775,52.0,52.0,52.0,40,52,0
1.3139249726556446,2.1233027558115216,202.0,0.0,202.0,202.0,202.0,202,202,0
2.0,1.888,118.0,0.0,118.0,118.0,118.0,118,118,0
12.0,9.6,100.0,10.392304845413264,97.0,97.0,97.0,97,133,0
14.0,5.632,50.285714285714285,4.3576382352153775,52.0,52.0,52.0,40,52,0
14.0,5.632,50.285714285714285,4.3576382352153775,52.0,52.0,52.0,40,52,0
0.4000942711723999,4.445847541267708,1389.0,0.0,1389.0,1389.0,1389.0,1389,1389,0
12.0,9.6,100.0,10.392304845413264,97.0,97.0,97.0,97,133,0
14.0,5.632,50.285714285714285,4.3576382352153775,52.0,52.0,52.0,40,52,0
12.0,9.6,100.0,10.392304845413264,97.0,97.0,97.0,97,133,0
14.0,5.632,50.285714285714285,4.3576382352153775,52.0,52.0,52.0,40,52,0
0.40063406077196917,0.12820289944703014,40.0,0.0,40.0,40.0,40.0,40,40,0
12.0,9.6,100.0,10.392304845413264,97.0,97.0,97.0,97,133,0
0.9899948323853742,0.6177567754084735,78.0,0.0,78.0,78.0,78.0,78,78,0
14.0,5.632,50.285714285714285,4.3576382352153775,52.0,52.0,52.0,40,52,0
12.0,9.6,100.0,10.392304845413264,97.0,97.0,97.0,97,133,0
12.0,9.6,100.0,10.392304845413264,97.0,97.0,97.0,97,133,0
14.0,5.632,50.285714285714285,4.3576382352153775,52.0,52.0,52.0,40,52,0
12.0,9.6,100.0,10.392304845413264,97.0,97.0,97.0,97,133,0
0.401349087759852,4.459791063187476,1389.0,0.0,1389.0,1389.0,1389.0,1389,1389,0
1.9726316973108076,1.230922179121944,78.0,0.0,78.0,78.0,78.0,78,78,0
0.8053275626695601,0.4638686760976666,72.0,2.309401076758503,70.0,72.0,74.0,70,74,0
12.0,9.6,100.0,10.392304845413264,97.0,97.0,97.0,97,133,0
0.40089706523335467,0.12828706087467348,40.0,0.0,40.0,40.0,40.0,40,40,0
0.4000904191544396,4.138535295733523,1293.0,0.0,1293.0,1293.0,1293.0,1293,1293,0
14.0,5.632,50.285714285714285,4.3576382352153775,52.0,52.0,52.0,40,52,0
12.0,9.6,100.0,10.392304845413264,97.0,97.0,97.0,97,133,0
14.0,5.632,50.285714285714285,4.3576382352153775,52.0,52.0,52.0,40,52,0
12.0,9.6,100.0,10.392304845413264,97.0,97.0,97.0,97,133,0
0.9900140686543234,0.6177687788402978,78.0,0.0,78.0,78.0,78.0,78,78,0
12.0,9.6,100.0,10.392304845413264,97.0,97.0,97.0,97,133,0
14.0,5.632,50.285714285714285,4.3576382352153775,52.0,52.0,52.0,40,52,0
1.3138494021669898,2.1231806339018555,202.0,0.0,202.0,202.0,202.0,202,202,0
0.4013500774445109,4.353845640118054,1356.0,0.0,1356.0,1356.0,1356.0,1356,1356,0
14.0,5.632,50.285714285714285,4.3576382352153775,52.0,52.0,52.0,40,52,0
14.0,5.632,50.285714285714285,4.3576382352153775,52.0,52.0,52.0,40,52,0
0.4006322733667459,0.12820232747735869,40.0,0.0,40.0,40.0,40.0,40,40,0
12.0,9.6,100.0,10.392304845413264,97.0,97.0,97.0,97,133,0
14.0,5.632,50.285714285714285,4.3576382352153775,52.0,52.0,52.0,40,52,0
12.0,9.6,100.0,10.392304845413264,97.0,97.0,97.0,97,133,0
12.0,9.6,100.0,10.392304845413264,97.0,97.0,97.0,97,133,0
1.3138463088234218,2.12317563505865,202.0,0.0,202.0,202.0,202.0,202,202,0
14.0,5.632,50.285714285714285,4.3576382352153775,52.0,52.0,52.0,40,52,0
12.0,9.6,100.0,10.392304845413264,97.0,97.0,97.0,97,133,0
12.0,9.6,100.0,10.392304845413264,97.0,97.0,97.0,97,133,0
12.0,9.6,100.0,10.392304845413264,97.0,97.0,97.0,97,133,0
12.0,9.6,100.0,10.392304845413264,97.0,97.0,97.0,97,133,0
2.0,1.888,118.0,0.0,118.0,118.0,118.0,118,118,0
14.0,5.632,50.285714285714285,4.3576382352153775,52.0,52.0,52.0,40,52,0
12.0,9.6,100.0,10.392304845413264,97.0,97.0,97.0,97,133,0
1.313744899411703,2.123011757449312,202.0,0.0,202.0,202.0,202.0,202,202,0
12.0,9.6,100.0,10.392304845413264,97.0,97.0,97.0,97,133,0
14.0,5.632,50.285714285714285,4.3576382352153775,52.0,52.0,52.0,40,52,0
1.313832057535838,2.123152604977914,202.0,0.0,202.0,202.0,202.0,202,202,0
12.0,9.6,100.0,10.392304845413264,97.0,97.0,97.0,97,133,0
0.4018871023638987,0.12860387275644758,40.0,0.0,40.0,40.0,40.0,40,40,0
0.8046618373223532,0.4634852182976754,72.0,2.309401076758503,70.0,72.0,74.0,70,74,0
12.0,9.6,100.0,10.392304845413264,97.0,97.0,97.0,97,133,0
14.0,5.632,50.285714285714285,4.3576382352153775,52.0,52.0,52.0,40,52,0
12.0,9.6,100.0,10.392304845413264,97.0,97.0,97.0,97,133,0
1.3138584613283735,2.1231952735066515,202.0,0.0,202.0,202.0,202.0,202,202,0
1.3137772647670245,2.1230640598635118,202.0,0.0,202.0,202.0,202.0,202,202,0
14.0,5.632,50.285714285714285,4.3576382352153775,52.0,52.0,52.0,40,52,0
14.0,5.632,50.285714285714285,4.3576382352153775,52.0,52.0,52.0,40,52,0
12.0,9.6,100.0,10.392304845413264,97.0,97.0,97.0,97,133,0
14.0,5.632,50.285714285714285,4.3576382352153775,52.0,52.0,52.0,40,52,0
0.9932383932333249,0.6197807573775947,78.0,0.0,78.0,78.0,78.0,78,78,0
12.0,9.6,100.0,10.392304845413264,97.0,97.0,97.0,97,133,0
12.0,9.6,100.0,10.392304845413264,97.0,97.0,97.0,97,133,0
12.0,9.6,100.0,10.392304845413264,97.0,97.0,97.0,97,133,0
12.0,9.6,100.0,10.392304845413264,97.0,97.0,97.0,97,133,0
0.401345314631866,4.353793973126483,1356.0,0.0,1356.0,1356.0,1356.0,1356,1356,0
14.0,5.632,50.285714285714285,4.3576382352153775,52.0,52.0,52.0,40,52,0
12.0,9.6,100.0,10.392304845413264,97.0,97.0,97.0,97,133,0
12.0,9.6,100.0,10.392304845413264,97.0,97.0,97.0,97,133,0
2.0,1.888,118.0,0.0,118.0,118.0,118.0,118,118,0
14.0,5.632,50.285714285714285,4.3576382352153775,52.0,52.0,52.0,40,52,0
12.0,9.6,100.0,10.392304845413264,97.0,97.0,97.0,97,133,0
14.0,5.632,50.285714285714285,4.3576382352153775,52.0,52.0,52.0,40,52,0
14.0,5.632,50.285714285714285,4.3576382352153775,52.0,52.0,52.0,40,52,0
14.0,5.632,50.285714285714285,4.3576382352153775,52.0,52.0,52.0,40,52,0
14.0,5.632,50.285714285714285,4.3576382352153775,52.0,52.0,52.0,40,52,0
2.0,1.168,73.0,0.0,73.0,73.0,73.0,73,73,0
12.0,9.6,100.0,10.392304845413264,97.0,97.0,97.0,97,133,0
12.0,9.6,100.0,10.392304845413264,97.0,97.0,97.0,97,133,0
12.0,9.6,100.0,10.392304845413264,97.0,97.0,97.0,97,133,0
12.0,9.6,100.0,10.392304845413264,97.0,97.0,97.0,97,133,0
12.0,9.6,100.0,10.392304845413264,97.0,97.0,97.0,97,133,0
14.0,5.632,50.285714285714285,4.3576382352153775,52.0,52.0,52.0,40,52,0
14.0,5.632,50.285714285714285,4.3576382352153775,52.0,52.0,52.0,40,52,0
12.0,9.6,100.0,10.392304845413264,97.0,97.0,97.0,97,133,0
12.0,9.6,100.0,10.392304845413264,97.0,97.0,97.0,97,133,0
14.0,5.632,50.285714285714285,4.3576382352153775,52.0,52.0,52.0,40,52,0
0.400092160749118,4.340199759806432,1356.0,0.0,1356.0,1356.0,1356.0,1356,1356,0
1.3139180118524234,2.1232915071535166,202.0,0.0,202.0,202.0,202.0,202,202,0
0.4018878466183009,0.12860411091785628,40.0,0.0,40.0,40.0,40.0,40,40,0
12.0,9.6,100.0,10.392304845413264,97.0,97.0,97.0,97,133,0
14.0,5.632,50.285714285714285,4.3576382352153775,52.0,52.0,52.0,40,52,0
14.0,5.632,50.285714285714285,4.3576382352153775,52.0,52.0,52.0,40,52,0
0.40009498831159296,4.445855510118421,1389.0,0.0,1389.0,1389.0,1389.0,1389,1389,0
12.0,9.6,100.0,10.392304845413264,97.0,97.0,97.0,97,133,0
12.0,9.6,100.0,10.392304845413264,97.0,97.0,97.0,97,133,0
14.0,5.632,50.285714285714285,4.3576382352153775,52.0,52.0,52.0,40,52,0
14.0,5.632,50.285714285714285,4.3576382352153775,52.0,52.0,52.0,40,52,0
0.40009416872415354,4.340221542319618,1356.0,0.0,1356.0,1356.0,1356.0,1356,1356,0
12.0,9.6,100.0,10.392304845413264,97.0,97.0,97.0,97,133,0
1.3138839823205455,2.1232365154300017,202.0,0.0,202.0,202.0,202.0,202,202,0
14.0,5.632,50.285714285714285,4.3576382352153775,52.0,52.0,52.0,40,52,0
12.0,9.6,100.0,10.392304845413264,97.0,97.0,97.0,97,133,0
14.0,5.632,50.285714285714285,4.3576382352153775,52.0,52.0,52.0,40,52,0
0.4000938613797295,4.340218208247306,1356.0,0.0,1356.0,1356.0,1356.0,1356,1356,0
0.4006335471481456,0.1282027350874066,40.0,0.0,40.0,40.0,40.0,40,40,0
12.0,9.6,100.0,10.392304845413264,97.0,97.0,97.0,97,133,0
12.0,9.6,100.0,10.392304845413264,97.0,97.0,97.0,97,133,0
0.4000931647341164,4.445835246525501,1389.0,0.0,1389.0,1389.0,1389.0,1389,1389,0
14.0,5.632,50.285714285714285,4.3576382352153775,52.0,52.0,52.0,40,52,0
14.0,5.632,50.285714285714285,4.3576382352153775,52.0,52.0,52.0,40,52,0
14.0,5.632,50.285714285714285,4.3576382352153775,52.0,52.0,52.0,40,52,0
0.40188912839623325,0.12860452108679463,40.0,0.0,40.0,40.0,40.0,40,40,0
12.0,9.6,100.0,10.392304845413264,97.0,97.0,97.0,97,133,0
14.0,5.632,50.285714285714285,4.3576382352153775,52.0,52.0,52.0,40,52,0
14.0,5.632,50.285714285714285,4.3576382352153775,52.0,52.0,52.0,40,52,0
12.0,9.6,100.0,10.392304845413264,97.0,97.0,97.0,97,133,0
0.4000945580277686,4.3402257654852345,1356.0,0.0,1356.0,1356.0,1356.0,1356,1356,0
0.40008857512954166,4.340160863005268,1356.0,0.0,1356.0,1356.0,1356.0,1356,1356,0
14.0,5.632,50.285714285714285,4.3576382352153775,52.0,52.0,52.0,40,52,0
12.0,9.6,100.0,10.392304845413264,97.0,97.0,97.0,97,133,0
14.0,5.632,50.285714285714285,4.3576382352153775,52.0,52.0,52.0,40,52,0
12.0,9.6,100.0,10.392304845413264,97.0,97.0,97.0,97,133,0
12.0,9.6,100.0,10.392304845413264,97.0,97.0,97.0,97,133,0
14.0,5.632,50.285714285714285,4.3576382352153775,52.0,52.0,52.0,40,52,0
14.0,5.632,50.285714285714285,4.3576382352153775,52.0,52.0,52.0,40,52,0
12.0,9.6,100.0,10.392304845413264,97.0,97.0,97.0,97,133,0
1.969703501950038,3.183040859151262,202.0,0.0,202.0,202.0,202.0,202,202,0
14.0,5.632,50.285714285714285,4.3576382352153775,52.0,52.0,52.0,40,52,0
14.0,5.632,50.285714285714285,4.3576382352153775,52.0,52.0,52.0,40,52,0
